Fault,Vibration,Acoustic,Magnetic Flux,Temperature,Pressure
Impeller Imbalance,0.0,0.5,0.8,30,1.0
Impeller Imbalance,0.6029096205211839,0.5062790519529313,0.8018848439715409,30,1.0
Impeller Imbalance,1.06331351044005,0.5125333233564304,0.8037690182669935,30,1.0
Impeller Imbalance,1.2845452525225243,0.5187381314585725,0.8056518534482024,30,1.0
Impeller Imbalance,1.24494914244139,0.5248689887164855,0.8075326805527934,30,1.0
Impeller Imbalance,1.0,0.5309016994374948,0.8094108313318514,30,1.0
Impeller Imbalance,0.6571638901489169,0.5368124552684678,0.8112856384873482,30,1.0
Impeller Imbalance,0.3334887362273707,0.5425779291565073,0.8131564359092283,30,1.0
Impeller Imbalance,0.11225699414489643,0.5481753674101715,0.8150225589120758,30,1.0
Impeller Imbalance,0.015124368228710827,0.5535826794978996,0.8168833444712734,30,1.0
Impeller Imbalance,0.0,0.5587785252292473,0.8187381314585725,30,1.0
Impeller Imbalance,-0.015124368228710827,0.563742398974869,0.8205862608769882,30,1.0
Impeller Imbalance,-0.11225699414489648,0.5684547105928689,0.8224270760949381,30,1.0
Impeller Imbalance,-0.33348873622737135,0.5728968627421411,0.8242599230795408,30,1.0
Impeller Imbalance,-0.6571638901489169,0.577051324277579,0.8260841506289898,30,1.0
Impeller Imbalance,-0.9999999999999998,0.5809016994374947,0.827899110603923,30,1.0
Impeller Imbalance,-1.24494914244139,0.5844327925502015,0.8297041581577035,30,1.0
Impeller Imbalance,-1.284545252522524,0.5876306680043863,0.8314986519655305,30,1.0
Impeller Imbalance,-1.0633135104400493,0.590482705246602,0.8332819544522987,30,1.0
Impeller Imbalance,-0.6029096205211844,0.5929776485888252,0.835053432019126,30,1.0
Impeller Imbalance,-4.898587196589413e-16,0.5951056516295153,0.8368124552684678,30,1.0
Impeller Imbalance,0.602909620521185,0.5968583161128631,0.8385583992277397,30,1.0
Impeller Imbalance,1.0633135104400497,0.5982287250728688,0.8402906435713663,30,1.0
Impeller Imbalance,1.284545252522524,0.5992114701314478,0.8420085728411807,30,1.0
Impeller Imbalance,1.2449491424413899,0.5998026728428272,0.8437115766650933,30,1.0
Impeller Imbalance,0.9999999999999994,0.6,0.8453990499739548,30,1.0
Impeller Imbalance,0.6571638901489154,0.5998026728428272,0.8470703932165333,30,1.0
Impeller Imbalance,0.33348873622737085,0.5992114701314478,0.8487250125725333,30,1.0
Impeller Imbalance,0.11225699414489648,0.5982287250728688,0.8503623201635762,30,1.0
Impeller Imbalance,0.015124368228710938,0.5968583161128631,0.851981734262071,30,1.0
Impeller Imbalance,0.0,0.5951056516295153,0.8535826794978997,30,1.0
Impeller Imbalance,-0.015124368228710827,0.5929776485888252,0.855164587062843,30,1.0
Impeller Imbalance,-0.11225699414489615,0.590482705246602,0.8567268949126757,30,1.0
Impeller Imbalance,-0.33348873622737185,0.5876306680043863,0.8582690479668577,30,1.0
Impeller Imbalance,-0.6571638901489185,0.5844327925502015,0.8597904983057519,30,1.0
Impeller Imbalance,-1.0000000000000013,0.5809016994374947,0.8612907053652977,30,1.0
Impeller Imbalance,-1.2449491424413908,0.577051324277579,0.8627691361290701,30,1.0
Impeller Imbalance,-1.2845452525225243,0.5728968627421411,0.8642252653176585,30,1.0
Impeller Imbalance,-1.0633135104400504,0.5684547105928689,0.8656585755752957,30,1.0
Impeller Imbalance,-0.6029096205211848,0.563742398974869,0.8670685576536721,30,1.0
Impeller Imbalance,-9.797174393178826e-16,0.5587785252292473,0.8684547105928689,30,1.0
Impeller Imbalance,0.6029096205211861,0.5535826794978996,0.8698165418993473,30,1.0
Impeller Imbalance,1.0633135104400513,0.5481753674101715,0.8711535677209286,30,1.0
Impeller Imbalance,1.2845452525225245,0.5425779291565073,0.8724653130187047,30,1.0
Impeller Imbalance,1.2449491424413903,0.5368124552684678,0.8737513117358174,30,1.0
Impeller Imbalance,1.0000000000000004,0.5309016994374948,0.875011106963046,30,1.0
Impeller Imbalance,0.6571638901489176,0.5248689887164855,0.8762442511011448,30,1.0
Impeller Imbalance,0.3334887362273712,0.5187381314585725,0.8774503060198734,30,1.0
Impeller Imbalance,0.1122569941448957,0.5125333233564304,0.878628843213662,30,1.0
Impeller Imbalance,0.01512436822871066,0.5062790519529313,0.8797794439538571,30,1.0
Impeller Imbalance,0.0,0.5,0.8809016994374947,30,1.0
Impeller Imbalance,-0.015124368228710994,0.4937209480470687,0.8819952109325453,30,1.0
Impeller Imbalance,-0.11225699414489776,0.4874666766435696,0.8830595899195813,30,1.0
Impeller Imbalance,-0.3334887362273717,0.48126186854142755,0.8840944582298169,30,1.0
Impeller Imbalance,-0.6571638901489163,0.47513101128351454,0.8850994481794692,30,1.0
Impeller Imbalance,-1.000000000000001,0.4690983005625053,0.8860742027003944,30,1.0
Impeller Imbalance,-1.2449491424413899,0.46318754473153223,0.8870183754669526,30,1.0
Impeller Imbalance,-1.2845452525225238,0.45742207084349273,0.8879316310190557,30,1.0
Impeller Imbalance,-1.0633135104400506,0.45182463258982847,0.8888136448813545,30,1.0
Impeller Imbalance,-0.6029096205211821,0.4464173205021003,0.8896641036785237,30,1.0
Impeller Imbalance,-1.4695761589768238e-15,0.4412214747707527,0.890482705246602,30,1.0
Impeller Imbalance,0.6029096205211858,0.436257601025131,0.8912691587403503,30,1.0
Impeller Imbalance,1.063313510440049,0.4315452894071311,0.892023184736587,30,1.0
Impeller Imbalance,1.2845452525225245,0.42710313725785887,0.8927445153334662,30,1.0
Impeller Imbalance,1.2449491424413905,0.42294867572242106,0.8934328942456613,30,1.0
Impeller Imbalance,0.999999999999999,0.41909830056250524,0.8940880768954226,30,1.0
Impeller Imbalance,0.657163890148914,0.41556720744979847,0.8947098304994745,30,1.0
Impeller Imbalance,0.3334887362273698,0.41236933199561365,0.895297934151722,30,1.0
Impeller Imbalance,0.11225699414489498,0.40951729475339804,0.8958521789017376,30,1.0
Impeller Imbalance,0.015124368228710772,0.4070223514111748,0.896372367829001,30,1.0
Impeller Imbalance,0.0,0.40489434837048466,0.8968583161128632,30,1.0
Impeller Imbalance,-0.015124368228710994,0.4031416838871369,0.8973098510982127,30,1.0
Impeller Imbalance,-0.11225699414489765,0.4017712749271311,0.8977268123568194,30,1.0
Impeller Imbalance,-0.3334887362273683,0.40078852986855223,0.8981090517443334,30,1.0
Impeller Imbalance,-0.6571638901489161,0.4001973271571728,0.8984564334529206,30,1.0
Impeller Imbalance,-1.0000000000000009,0.4,0.8987688340595138,30,1.0
Impeller Imbalance,-1.2449491424413897,0.4001973271571728,0.8990461425696652,30,1.0
Impeller Imbalance,-1.2845452525225238,0.4007885298685522,0.8992882604569814,30,1.0
Impeller Imbalance,-1.063313510440051,0.4017712749271311,0.8994951016981301,30,1.0
Impeller Imbalance,-0.6029096205211826,0.4031416838871369,0.899666592803403,30,1.0
Impeller Imbalance,-1.959434878635765e-15,0.40489434837048466,0.8998026728428272,30,1.0
Impeller Imbalance,0.6029096205211854,0.4070223514111749,0.8999032934678125,30,1.0
Impeller Imbalance,1.0633135104400528,0.40951729475339804,0.89996841892833,30,1.0
Impeller Imbalance,1.2845452525225245,0.41236933199561365,0.8999980260856137,30,1.0
Impeller Imbalance,1.2449491424413888,0.41556720744979847,0.8999921044203817,30,1.0
Impeller Imbalance,0.9999999999999992,0.41909830056250524,0.8999506560365732,30,1.0
Impeller Imbalance,0.6571638901489142,0.4229486757224211,0.8998736956606018,30,1.0
Impeller Imbalance,0.3334887362273668,0.42710313725785887,0.8997612506361226,30,1.0
Impeller Imbalance,0.11225699414489693,0.4315452894071311,0.8996133609143173,30,1.0
Impeller Imbalance,0.015124368228711271,0.43625760102513095,0.8994300790397,30,1.0
Impeller Imbalance,0.0,0.4412214747707527,0.8992114701314479,30,1.0
Impeller Imbalance,-0.015124368228710938,0.44641732050210026,0.8989576118602651,30,1.0
Impeller Imbalance,-0.11225699414489582,0.45182463258982847,0.8986685944207868,30,1.0
Impeller Imbalance,-0.3334887362273712,0.4574220708434927,0.8983445204995331,30,1.0
Impeller Imbalance,-0.6571638901489156,0.46318754473153223,0.8979855052384247,30,1.0
Impeller Imbalance,-1.0000000000000007,0.46909830056250523,0.8975916761938748,30,1.0
Impeller Imbalance,-1.2449491424413914,0.47513101128351454,0.8971631732914674,30,1.0
Impeller Imbalance,-1.284545252522524,0.48126186854142755,0.8967001487762436,30,1.0
Impeller Imbalance,-1.0633135104400473,0.4874666766435695,0.8962027671586086,30,1.0
Impeller Imbalance,-0.602909620521183,0.4937209480470687,0.895671205155883,30,1.0
Impeller Imbalance,4.656133759306296e-15,0.5,0.8951056516295154,30,1.0
Impeller Imbalance,0.602909620521185,0.5062790519529313,0.8945063075179805,30,1.0
Impeller Imbalance,1.0633135104400524,0.5125333233564304,0.8938733857653874,30,1.0
Impeller Imbalance,1.2845452525225254,0.5187381314585725,0.8932071112458211,30,1.0
Impeller Imbalance,1.2449491424413872,0.5248689887164855,0.8925077206834459,30,1.0
Impeller Imbalance,0.9999999999999996,0.5309016994374948,0.8917754625683982,30,1.0
Impeller Imbalance,0.6571638901489145,0.5368124552684678,0.8910105970684996,30,1.0
Impeller Imbalance,0.3334887362273734,0.5425779291565073,0.8902133959368204,30,1.0
Impeller Imbalance,0.11225699414489704,0.5481753674101715,0.8893841424151264,30,1.0
Impeller Imbalance,0.015124368228710772,0.5535826794978996,0.8885231311332455,30,1.0
Impeller Imbalance,0.0,0.5587785252292473,0.8876306680043864,30,1.0
Impeller Imbalance,-0.015124368228711438,0.563742398974869,0.886707070116449,30,1.0
Impeller Imbalance,-0.11225699414489565,0.5684547105928689,0.8857526656193653,30,1.0
Impeller Imbalance,-0.333488736227371,0.5728968627421411,0.8847677936085083,30,1.0
Impeller Imbalance,-0.6571638901489194,0.577051324277579,0.8837528040042142,30,1.0
Impeller Imbalance,-1.000000000000004,0.5809016994374947,0.8827080574274562,30,1.0
Impeller Imbalance,-1.2449491424413894,0.5844327925502015,0.8816339250717184,30,1.0
Impeller Imbalance,-1.284545252522524,0.5876306680043863,0.8805307885711122,30,1.0
Impeller Imbalance,-1.0633135104400475,0.590482705246602,0.8793990398647835,30,1.0
Impeller Imbalance,-0.6029096205211772,0.5929776485888252,0.8782390810576588,30,1.0
Impeller Imbalance,-2.9391523179536475e-15,0.5951056516295153,0.877051324277579,30,1.0
Impeller Imbalance,0.6029096205211846,0.5968583161128631,0.8758361915288723,30,1.0
Impeller Imbalance,1.0633135104400522,0.5982287250728688,0.8745941145424183,30,1.0
Impeller Imbalance,1.2845452525225234,0.5992114701314478,0.873325534622256,30,1.0
Impeller Imbalance,1.2449491424413908,0.5998026728428272,0.8720309024887908,30,1.0
Impeller Imbalance,0.9999999999999998,0.6,0.8707106781186548,30,1.0
Impeller Imbalance,0.6571638901489147,0.5998026728428272,0.8693653305812805,30,1.0
Impeller Imbalance,0.3334887362273673,0.5992114701314478,0.867995337872242,30,1.0
Impeller Imbalance,0.1122569941448971,0.5982287250728688,0.8666011867434252,30,1.0
Impeller Imbalance,0.015124368228710827,0.5968583161128631,0.8651833725300879,30,1.0
Impeller Imbalance,0.0,0.5951056516295153,0.863742398974869,30,1.0
Impeller Imbalance,-0.015124368228711382,0.5929776485888252,0.8622787780488113,30,1.0
Impeller Imbalance,-0.11225699414489909,0.590482705246602,0.8607930297694606,30,1.0
Impeller Imbalance,-0.3334887362273707,0.5876306680043863,0.859285682016106,30,1.0
Impeller Imbalance,-0.6571638901489192,0.5844327925502015,0.8577572703422268,30,1.0
Impeller Imbalance,-1.0000000000000038,0.5809016994374947,0.8562083377852131,30,1.0
Impeller Imbalance,-1.2449491424413928,0.5770513242775789,0.854639434673427,30,1.0
Impeller Imbalance,-1.2845452525225243,0.5728968627421411,0.8530511184306735,30,1.0
Impeller Imbalance,-1.0633135104400477,0.5684547105928688,0.8514439533781507,30,1.0
Impeller Imbalance,-0.6029096205211776,0.563742398974869,0.8498185105339491,30,1.0
Impeller Imbalance,1.0781843677589415e-14,0.5587785252292473,0.8481753674101715,30,1.0
Impeller Imbalance,0.6029096205211966,0.5535826794978995,0.8465151078077459,30,1.0
Impeller Imbalance,1.063313510440052,0.5481753674101715,0.8448383216090032,30,1.0
Impeller Imbalance,1.2845452525225252,0.5425779291565073,0.843145604568096,30,1.0
Impeller Imbalance,1.2449491424413874,0.5368124552684678,0.8414375580993284,30,1.0
Impeller Imbalance,1.0,0.5309016994374948,0.8397147890634782,30,1.0
Impeller Imbalance,0.657163890148923,0.5248689887164856,0.8379779095521802,30,1.0
Impeller Imbalance,0.3334887362273739,0.5187381314585726,0.8362275366704546,30,1.0
Impeller Imbalance,0.11225699414489726,0.5125333233564305,0.8344642923174518,30,1.0
Impeller Imbalance,0.015124368228710827,0.5062790519529313,0.8326888029654943,30,1.0
Impeller Imbalance,0.0,0.5,0.8309016994374948,30,1.0
Impeller Imbalance,-0.015124368228710328,0.49372094804706873,0.8291036166828273,30,1.0
Impeller Imbalance,-0.11225699414489537,0.4874666766435697,0.8272951935517325,30,1.0
Impeller Imbalance,-0.3334887362273705,0.48126186854142766,0.8254770725683382,30,1.0
Impeller Imbalance,-0.6571638901489189,0.47513101128351454,0.8236498997023726,30,1.0
Impeller Imbalance,-1.0000000000000033,0.4690983005625053,0.8218143241396543,30,1.0
Impeller Imbalance,-1.2449491424413892,0.4631875447315323,0.8199709980514408,30,1.0
Impeller Imbalance,-1.2845452525225243,0.45742207084349285,0.8181205763627137,30,1.0
Impeller Imbalance,-1.063313510440048,0.4518246325898284,0.8162637165194884,30,1.0
Impeller Imbalance,-0.6029096205211781,0.44641732050210037,0.8144010782552252,30,1.0
Impeller Imbalance,-3.91886975727153e-15,0.4412214747707527,0.8125333233564305,30,1.0
Impeller Imbalance,0.6029096205211837,0.43625760102513106,0.8106611154275261,30,1.0
Impeller Imbalance,1.0633135104400515,0.4315452894071311,0.8087851196550744,30,1.0
Impeller Imbalance,1.2845452525225252,0.4271031372578588,0.8069060025714406,30,1.0
Impeller Imbalance,1.2449491424413877,0.42294867572242106,0.805024431817977,30,1.0
Impeller Imbalance,1.0000000000000002,0.4190983005625053,0.8031410759078129,30,1.0
Impeller Imbalance,0.6571638901489153,0.4155672074497984,0.8012566039883353,30,1.0
Impeller Imbalance,0.33348873622736763,0.4123693319956136,0.7993716856034442,30,1.0
Impeller Imbalance,0.11225699414489382,0.40951729475339804,0.7974869904556663,30,1.0
Impeller Imbalance,0.015124368228709884,0.4070223514111749,0.7956031881682135,30,1.0
Impeller Imbalance,0.0,0.40489434837048466,0.7937209480470687,30,1.0
Impeller Imbalance,-0.015124368228711327,0.40314168388713684,0.7918409388431843,30,1.0
Impeller Imbalance,-0.11225699414489881,0.4017712749271311,0.7899638285148786,30,1.0
Impeller Imbalance,-0.33348873622737674,0.4007885298685522,0.7880902839905131,30,1.0
Impeller Imbalance,-0.6571638901489265,0.4001973271571728,0.7862209709315362,30,1.0
Impeller Imbalance,-1.000000000000003,0.4,0.7843565534959769,30,1.0
Impeller Imbalance,-1.244949142441389,0.4001973271571728,0.7824976941024725,30,1.0
Impeller Imbalance,-1.2845452525225243,0.4007885298685522,0.7806450531949141,30,1.0
Impeller Imbalance,-1.0633135104400564,0.4017712749271311,0.7787992890077946,30,1.0
Impeller Imbalance,-0.602909620521191,0.4031416838871369,0.776961057332341,30,1.0
Impeller Imbalance,-4.408728476930472e-15,0.4048943483704846,0.7751310112835146,30,1.0
Impeller Imbalance,0.6029096205211832,0.4070223514111748,0.7733098010679625,30,1.0
Impeller Imbalance,1.0633135104400515,0.409517294753398,0.7714980737530025,30,1.0
Impeller Imbalance,1.284545252522523,0.41236933199561354,0.7696964730367226,30,1.0
Impeller Imbalance,1.2449491424413912,0.41556720744979847,0.7679056390192791,30,1.0
Impeller Imbalance,1.0000000000000004,0.41909830056250524,0.7661262079754709,30,1.0
Impeller Imbalance,0.6571638901489156,0.422948675722421,0.764358812128675,30,1.0
Impeller Imbalance,0.33348873622736797,0.42710313725785876,0.76260407942622,30,1.0
Impeller Imbalance,0.11225699414489754,0.43154528940713116,0.7608626333162798,30,1.0
Impeller Imbalance,0.015124368228710938,0.436257601025131,0.7591350925263651,30,1.0
Impeller Imbalance,0.0,0.44122147477075263,0.7574220708434928,30,1.0
Impeller Imbalance,-0.015124368228711271,0.44641732050210026,0.7557241768961099,30,1.0
Impeller Imbalance,-0.11225699414489876,0.4518246325898285,0.7540420139378513,30,1.0
Impeller Imbalance,-0.33348873622737013,0.45742207084349273,0.7523761796332061,30,1.0
Impeller Imbalance,-0.6571638901489183,0.4631875447315322,0.7507272658451709,30,1.0
Impeller Imbalance,-1.0000000000000029,0.46909830056250523,0.749095858424963,30,1.0
Impeller Imbalance,-1.2449491424413925,0.4751310112835144,0.7474825370038705,30,1.0
Impeller Imbalance,-1.2845452525225225,0.4812618685414276,0.7458878747873124,30,1.0
Impeller Imbalance,-1.0633135104400486,0.4874666766435696,0.7443124383511812,30,1.0
Impeller Imbalance,-0.6029096205211789,0.4937209480470687,0.742756787440541,30,1.0
Impeller Imbalance,9.312267518612591e-15,0.49999999999999994,0.7412214747707527,30,1.0
Impeller Imbalance,0.6029096205211953,0.5062790519529314,0.7397070458310976,30,1.0
Impeller Imbalance,1.063313510440051,0.5125333233564304,0.7382140386909666,30,1.0
Impeller Imbalance,1.2845452525225252,0.5187381314585725,0.7367429838086875,30,1.0
Impeller Imbalance,1.2449491424413879,0.5248689887164855,0.7352944038430556,30,1.0
Impeller Imbalance,0.9999999999999937,0.5309016994374949,0.7338688134676349,30,1.0
Impeller Imbalance,0.657163890148908,0.5368124552684679,0.7324667191878975,30,1.0
Impeller Imbalance,0.33348873622736175,0.5425779291565074,0.7310886191612652,30,1.0
Impeller Imbalance,0.11225699414489054,0.5481753674101716,0.7297350030201151,30,1.0
Impeller Imbalance,0.015124368228710994,0.5535826794978995,0.728406351697817,30,1.0
Impeller Imbalance,0.0,0.5587785252292473,0.7271031372578589,30,1.0
Impeller Imbalance,-0.015124368228711271,0.5637423989748689,0.7258258227261262,30,1.0
Impeller Imbalance,-0.11225699414489865,0.5684547105928688,0.7245748619263896,30,1.0
Impeller Imbalance,-0.3334887362273635,0.572896862742141,0.723350699319065,30,1.0
Impeller Imbalance,-0.6571638901489101,0.5770513242775789,0.7221537698432977,30,1.0
Impeller Imbalance,-0.9999999999999956,0.5809016994374947,0.720984498762431,30,1.0
Impeller Imbalance,-1.2449491424413888,0.5844327925502015,0.7198433015129124,30,1.0
Impeller Imbalance,-1.2845452525225243,0.5876306680043863,0.7187305835566906,30,1.0
Impeller Imbalance,-1.0633135104400488,0.590482705246602,0.7176467402371574,30,1.0
Impeller Imbalance,-0.6029096205211792,0.5929776485888252,0.7165921566386829,30,1.0
Impeller Imbalance,8.82240879895365e-15,0.5951056516295153,0.7155672074497985,30,1.0
Impeller Imbalance,0.6029096205211948,0.5968583161128631,0.7145722568300705,30,1.0
Impeller Imbalance,1.0633135104400588,0.5982287250728688,0.7136076582807165,30,1.0
Impeller Imbalance,1.284545252522523,0.5992114701314478,0.712673754519008,30,1.0
Impeller Imbalance,1.2449491424413917,0.5998026728428272,0.7117708773565047,30,1.0
Impeller Imbalance,1.0000000000000009,0.6,0.7108993475811632,30,1.0
Impeller Imbalance,0.6571638901489161,0.5998026728428272,0.710059474843363,30,1.0
Impeller Imbalance,0.3334887362273683,0.5992114701314478,0.7092515575458883,30,1.0
Impeller Imbalance,0.11225699414489415,0.5982287250728688,0.7084758827379083,30,1.0
Impeller Imbalance,0.015124368228709995,0.5968583161128631,0.7077327260129885,30,1.0
Impeller Imbalance,0.0,0.5951056516295153,0.7070223514111749,30,1.0
Impeller Imbalance,-0.015124368228712215,0.5929776485888252,0.7063450113251808,30,1.0
Impeller Imbalance,-0.11225699414489487,0.590482705246602,0.7057009464107136,30,1.0
Impeller Imbalance,-0.3334887362273697,0.5876306680043863,0.7050903855009706,30,1.0
Impeller Imbalance,-0.6571638901489177,0.5844327925502015,0.7045135455253357,30,1.0
Impeller Imbalance,-1.0000000000000024,0.5809016994374947,0.7039706314323058,30,1.0
Impeller Imbalance,-1.2449491424413923,0.5770513242775789,0.7034618361166727,30,1.0
Impeller Imbalance,-1.2845452525225225,0.5728968627421411,0.7029873403509894,30,1.0
Impeller Imbalance,-1.0633135104400413,0.5684547105928689,0.7025473127213423,30,1.0
Impeller Imbalance,-0.6029096205211673,0.563742398974869,0.7021419095674528,30,1.0
Impeller Imbalance,-5.878304635907295e-15,0.5587785252292473,0.7017712749271312,30,1.0
Impeller Imbalance,0.6029096205211819,0.5535826794978997,0.7014355404851003,30,1.0
Impeller Imbalance,1.0633135104400506,0.5481753674101717,0.7011348255262086,30,1.0
Impeller Imbalance,1.2845452525225247,0.5425779291565074,0.7008692368930494,30,1.0
Impeller Imbalance,1.244949142441388,0.5368124552684678,0.7006388689479992,30,1.0
Impeller Imbalance,0.9999999999999941,0.5309016994374948,0.700443803539692,30,1.0
Impeller Imbalance,0.6571638901489244,0.5248689887164856,0.7002841099739386,30,1.0
Impeller Imbalance,0.3334887362273749,0.5187381314585726,0.7001598449891026,30,1.0
Impeller Imbalance,0.11225699414489787,0.5125333233564304,0.7000710527359411,30,1.0
Impeller Imbalance,0.01512436822871105,0.5062790519529313,0.7000177647619191,30,1.0
Impeller Imbalance,0.0,0.5000000000000001,0.7000000000000001,30,1.0
Impeller Imbalance,-0.01512436822871116,0.4937209480470688,0.7000177647619191,30,1.0
Impeller Imbalance,-0.11225699414489831,0.4874666766435697,0.7000710527359411,30,1.0
Impeller Imbalance,-0.3334887362273758,0.48126186854142755,0.7001598449891026,30,1.0
Impeller Imbalance,-0.6571638901489254,0.47513101128351454,0.7002841099739386,30,1.0
Impeller Imbalance,-0.9999999999999951,0.4690983005625051,0.700443803539692,30,1.0
Impeller Imbalance,-1.2449491424413885,0.4631875447315321,0.7006388689479992,30,1.0
Impeller Imbalance,-1.2845452525225247,0.4574220708434927,0.7008692368930494,30,1.0
Impeller Imbalance,-1.0633135104400495,0.45182463258982847,0.7011348255262086,30,1.0
Impeller Imbalance,-0.6029096205211801,0.44641732050210037,0.7014355404851003,30,1.0
Impeller Imbalance,7.842691359635767e-15,0.44122147477075274,0.7017712749271312,30,1.0
Impeller Imbalance,0.602909620521194,0.4362576010251311,0.7021419095674528,30,1.0
Impeller Imbalance,1.0633135104400582,0.4315452894071312,0.7025473127213423,30,1.0
Impeller Imbalance,1.2845452525225267,0.4271031372578587,0.7029873403509894,30,1.0
Impeller Imbalance,1.2449491424413845,0.422948675722421,0.7034618361166727,30,1.0
Impeller Imbalance,1.0000000000000016,0.4190983005625052,0.7039706314323058,30,1.0
Impeller Imbalance,0.6571638901489167,0.41556720744979847,0.7045135455253357,30,1.0
Impeller Imbalance,0.3334887362273688,0.4123693319956136,0.7050903855009706,30,1.0
Impeller Imbalance,0.11225699414489443,0.40951729475339804,0.7057009464107136,30,1.0
Impeller Imbalance,0.015124368228710106,0.4070223514111749,0.7063450113251808,30,1.0
Impeller Imbalance,0.0,0.40489434837048466,0.7070223514111749,30,1.0
Impeller Imbalance,-0.01512436822871216,0.4031416838871369,0.7077327260129885,30,1.0
Impeller Imbalance,-0.11225699414490176,0.4017712749271311,0.7084758827379083,30,1.0
Impeller Imbalance,-0.333488736227382,0.4007885298685522,0.7092515575458884,30,1.0
Impeller Imbalance,-0.6571638901489172,0.4001973271571728,0.710059474843363,30,1.0
Impeller Imbalance,-1.000000000000002,0.4,0.7108993475811632,30,1.0
Impeller Imbalance,-1.244949142441392,0.4001973271571728,0.7117708773565048,30,1.0
Impeller Imbalance,-1.2845452525225227,0.40078852986855223,0.712673754519008,30,1.0
Impeller Imbalance,-1.0633135104400417,0.4017712749271311,0.7136076582807165,30,1.0
Impeller Imbalance,-0.6029096205211681,0.4031416838871369,0.7145722568300705,30,1.0
Impeller Imbalance,2.156368735517883e-14,0.4048943483704846,0.7155672074497985,30,1.0
Impeller Imbalance,0.6029096205212061,0.40702235141117493,0.7165921566386829,30,1.0
Impeller Imbalance,1.063313510440066,0.40951729475339815,0.7176467402371574,30,1.0
Impeller Imbalance,1.2845452525225287,0.4123693319956137,0.7187305835566906,30,1.0
Impeller Imbalance,1.2449491424413883,0.4155672074497986,0.7198433015129124,30,1.0
Impeller Imbalance,0.9999999999999946,0.4190983005625053,0.720984498762431,30,1.0
Impeller Imbalance,0.657163890148909,0.4229486757224211,0.7221537698432977,30,1.0
Impeller Imbalance,0.3334887362273627,0.42710313725785887,0.7233506993190651,30,1.0
Impeller Imbalance,0.11225699414489099,0.4315452894071311,0.7245748619263896,30,1.0
Impeller Imbalance,0.015124368228711105,0.436257601025131,0.7258258227261261,30,1.0
Impeller Imbalance,0.0,0.44122147477075263,0.7271031372578588,30,1.0
Impeller Imbalance,-0.015124368228709106,0.44641732050210026,0.7284063516978169,30,1.0
Impeller Imbalance,-0.11225699414489099,0.45182463258982836,0.7297350030201151,30,1.0
Impeller Imbalance,-0.3334887362273627,0.45742207084349257,0.7310886191612651,30,1.0
Impeller Imbalance,-0.657163890148909,0.463187544731532,0.7324667191878976,30,1.0
Impeller Imbalance,-0.9999999999999946,0.469098300562505,0.7338688134676348,30,1.0
Impeller Imbalance,-1.2449491424413883,0.47513101128351426,0.7352944038430556,30,1.0
Impeller Imbalance,-1.2845452525225247,0.4812618685414272,0.7367429838086876,30,1.0
Impeller Imbalance,-1.0633135104400502,0.4874666766435696,0.7382140386909666,30,1.0
Impeller Imbalance,-0.602909620521181,0.4937209480470686,0.7397070458310975,30,1.0
Impeller Imbalance,6.8629739203178846e-15,0.49999999999999994,0.7412214747707527,30,1.0
Impeller Imbalance,0.6029096205211681,0.5062790519529312,0.742756787440541,30,1.0
Impeller Imbalance,1.0633135104400417,0.5125333233564303,0.7443124383511812,30,1.0
Impeller Imbalance,1.2845452525225227,0.5187381314585723,0.7458878747873124,30,1.0
Impeller Imbalance,1.244949142441392,0.5248689887164852,0.7474825370038705,30,1.0
Impeller Imbalance,1.000000000000002,0.5309016994374945,0.7490958584249628,30,1.0
Impeller Imbalance,0.6571638901489172,0.5368124552684675,0.7507272658451709,30,1.0
Impeller Imbalance,0.3334887362273693,0.5425779291565073,0.7523761796332061,30,1.0
Impeller Imbalance,0.1122569941448947,0.5481753674101715,0.7540420139378512,30,1.0
Impeller Imbalance,0.015124368228710106,0.5535826794978996,0.7557241768961098,30,1.0
Impeller Imbalance,0.0,0.5587785252292472,0.7574220708434928,30,1.0
Impeller Imbalance,-0.015124368228710106,0.5637423989748689,0.7591350925263651,30,1.0
Impeller Imbalance,-0.11225699414489443,0.5684547105928688,0.7608626333162798,30,1.0
Impeller Imbalance,-0.3334887362273688,0.572896862742141,0.76260407942622,30,1.0
Impeller Imbalance,-0.6571638901489167,0.5770513242775788,0.764358812128675,30,1.0
Impeller Imbalance,-1.0000000000000016,0.5809016994374948,0.7661262079754709,30,1.0
Impeller Imbalance,-1.2449491424413917,0.5844327925502015,0.7679056390192791,30,1.0
Impeller Imbalance,-1.2845452525225227,0.5876306680043863,0.7696964730367226,30,1.0
Impeller Imbalance,-1.0633135104400424,0.590482705246602,0.7714980737530024,30,1.0
Impeller Imbalance,-0.602909620521169,0.5929776485888252,0.7733098010679624,30,1.0
Impeller Imbalance,-7.83773951454306e-15,0.5951056516295153,0.7751310112835146,30,1.0
Impeller Imbalance,0.6029096205211801,0.5968583161128631,0.776961057332341,30,1.0
Impeller Imbalance,1.0633135104400495,0.5982287250728688,0.7787992890077946,30,1.0
Impeller Imbalance,1.2845452525225247,0.5992114701314477,0.7806450531949141,30,1.0
Impeller Imbalance,1.2449491424413885,0.5998026728428272,0.7824976941024725,30,1.0
Impeller Imbalance,0.9999999999999951,0.6,0.7843565534959769,30,1.0
Impeller Imbalance,0.6571638901489096,0.5998026728428272,0.7862209709315363,30,1.0
Impeller Imbalance,0.3334887362273631,0.5992114701314478,0.7880902839905131,30,1.0
Impeller Imbalance,0.11225699414489126,0.5982287250728688,0.7899638285148786,30,1.0
Impeller Imbalance,0.015124368228709162,0.5968583161128631,0.7918409388431843,30,1.0
Impeller Imbalance,0.0,0.5951056516295155,0.7937209480470687,30,1.0
Impeller Imbalance,-0.01512436822871105,0.5929776485888252,0.7956031881682135,30,1.0
Impeller Imbalance,-0.11225699414489787,0.5904827052466018,0.7974869904556663,30,1.0
Impeller Imbalance,-0.3334887362273749,0.5876306680043863,0.7993716856034442,30,1.0
Impeller Imbalance,-0.6571638901489244,0.5844327925502014,0.8012566039883353,30,1.0
Impeller Imbalance,-1.0000000000000084,0.5809016994374947,0.8031410759078129,30,1.0
Impeller Imbalance,-1.2449491424413952,0.5770513242775789,0.805024431817977,30,1.0
Impeller Imbalance,-1.284545252522521,0.5728968627421411,0.8069060025714406,30,1.0
Impeller Imbalance,-1.0633135104400346,0.5684547105928689,0.8087851196550744,30,1.0
Impeller Imbalance,-0.6029096205211819,0.563742398974869,0.8106611154275261,30,1.0
Impeller Imbalance,5.883256481000002e-15,0.5587785252292474,0.8125333233564305,30,1.0
Impeller Imbalance,0.6029096205211922,0.5535826794978995,0.8144010782552253,30,1.0
Impeller Imbalance,1.063313510440057,0.5481753674101714,0.8162637165194885,30,1.0
Impeller Imbalance,1.2845452525225265,0.5425779291565072,0.8181205763627137,30,1.0
Impeller Imbalance,1.244949142441385,0.5368124552684677,0.8199709980514408,30,1.0
Impeller Imbalance,0.9999999999999882,0.5309016994374947,0.8218143241396543,30,1.0
Impeller Imbalance,0.6571638901489019,0.5248689887164855,0.8236498997023725,30,1.0
Impeller Imbalance,0.3334887362273569,0.5187381314585724,0.8254770725683384,30,1.0
Impeller Imbalance,0.11225699414488788,0.5125333233564304,0.8272951935517326,30,1.0
Impeller Imbalance,0.015124368228710217,0.5062790519529314,0.8291036166828273,30,1.0
Impeller Imbalance,0.0,0.4999999999999997,0.8309016994374948,30,1.0
Impeller Imbalance,-0.015124368228712048,0.49372094804706845,0.8326888029654943,30,1.0
Impeller Imbalance,-0.11225699414489415,0.48746667664356974,0.8344642923174517,30,1.0
Impeller Imbalance,-0.3334887362273683,0.4812618685414277,0.8362275366704546,30,1.0
Impeller Imbalance,-0.6571638901489161,0.47513101128351476,0.8379779095521801,30,1.0
Impeller Imbalance,-1.0000000000000009,0.4690983005625055,0.8397147890634781,30,1.0
Impeller Imbalance,-1.2449491424413843,0.4631875447315325,0.8414375580993284,30,1.0
Impeller Imbalance,-1.284545252522527,0.45742207084349307,0.8431456045680958,30,1.0
Impeller Imbalance,-1.0633135104400588,0.45182463258982847,0.8448383216090032,30,1.0
Impeller Imbalance,-0.6029096205211948,0.44641732050210037,0.8465151078077459,30,1.0
Impeller Imbalance,-8.817456953860943e-15,0.44122147477075274,0.8481753674101715,30,1.0
Impeller Imbalance,0.6029096205211792,0.4362576010251311,0.8498185105339491,30,1.0
Impeller Imbalance,1.0633135104400488,0.4315452894071312,0.8514439533781507,30,1.0
Impeller Imbalance,1.2845452525225243,0.427103137257859,0.8530511184306734,30,1.0
Impeller Imbalance,1.2449491424413888,0.42294867572242123,0.8546394346734268,30,1.0
Impeller Imbalance,0.9999999999999956,0.4190983005625054,0.8562083377852131,30,1.0
Impeller Imbalance,0.6571638901489261,0.41556720744979864,0.8577572703422268,30,1.0
Impeller Imbalance,0.3334887362273763,0.41236933199561365,0.8592856820161059,30,1.0
Impeller Imbalance,0.11225699414489865,0.40951729475339804,0.8607930297694606,30,1.0
Impeller Imbalance,0.015124368228711216,0.4070223514111749,0.8622787780488113,30,1.0
Impeller Imbalance,0.0,0.40489434837048466,0.8637423989748689,30,1.0
Impeller Imbalance,-0.015124368228710994,0.4031416838871369,0.8651833725300879,30,1.0
Impeller Imbalance,-0.11225699414489754,0.40177127492713116,0.8666011867434252,30,1.0
Impeller Imbalance,-0.33348873622737457,0.40078852986855223,0.8679953378722419,30,1.0
Impeller Imbalance,-0.6571638901489238,0.4001973271571728,0.8693653305812805,30,1.0
Impeller Imbalance,-0.9999999999999937,0.4,0.8707106781186548,30,1.0
Impeller Imbalance,-1.2449491424413879,0.4001973271571728,0.8720309024887907,30,1.0
Impeller Imbalance,-1.2845452525225252,0.40078852986855223,0.873325534622256,30,1.0
Impeller Imbalance,-1.063313510440051,0.4017712749271311,0.8745941145424182,30,1.0
Impeller Imbalance,-0.6029096205211828,0.4031416838871369,0.8758361915288722,30,1.0
Impeller Imbalance,4.90353904168212e-15,0.4048943483704846,0.877051324277579,30,1.0
Impeller Imbalance,0.6029096205211915,0.4070223514111748,0.8782390810576588,30,1.0
Impeller Imbalance,1.0633135104400566,0.409517294753398,0.8793990398647835,30,1.0
Impeller Imbalance,1.2845452525225265,0.41236933199561354,0.8805307885711122,30,1.0
Impeller Imbalance,1.2449491424413854,0.4155672074497986,0.8816339250717184,30,1.0
Impeller Imbalance,1.0000000000000029,0.4190983005625053,0.8827080574274562,30,1.0
Impeller Imbalance,0.6571638901489183,0.4229486757224211,0.8837528040042142,30,1.0
Impeller Imbalance,0.33348873622737013,0.42710313725785887,0.8847677936085083,30,1.0
Impeller Imbalance,0.1122569941448952,0.4315452894071311,0.8857526656193653,30,1.0
Impeller Imbalance,0.015124368228710272,0.436257601025131,0.886707070116449,30,1.0
Impeller Imbalance,0.0,0.4412214747707526,0.8876306680043864,30,1.0
Impeller Imbalance,-0.015124368228711937,0.4464173205021002,0.8885231311332455,30,1.0
Impeller Imbalance,-0.11225699414490098,0.4518246325898283,0.8893841424151264,30,1.0
Impeller Imbalance,-0.3334887362273807,0.45742207084349285,0.8902133959368204,30,1.0
Impeller Imbalance,-0.6571638901489314,0.46318754473153234,0.8910105970684996,30,1.0
Impeller Imbalance,-1.0000000000000004,0.46909830056250534,0.8917754625683982,30,1.0
Impeller Imbalance,-1.2449491424413912,0.47513101128351454,0.8925077206834459,30,1.0
Impeller Imbalance,-1.284545252522523,0.48126186854142755,0.8932071112458211,30,1.0
Impeller Imbalance,-1.0633135104400435,0.4874666766435696,0.8938733857653874,30,1.0
Impeller Imbalance,-0.6029096205211707,0.4937209480470686,0.8945063075179805,30,1.0
Impeller Imbalance,1.8624535037225183e-14,0.4999999999999999,0.8951056516295154,30,1.0
Impeller Imbalance,0.6029096205212034,0.5062790519529315,0.895671205155883,30,1.0
Impeller Imbalance,1.0633135104400644,0.5125333233564306,0.8962027671586086,30,1.0
Impeller Imbalance,1.2845452525225283,0.5187381314585726,0.8967001487762436,30,1.0
Impeller Imbalance,1.244949142441389,0.5248689887164856,0.8971631732914674,30,1.0
Impeller Imbalance,0.9999999999999961,0.5309016994374948,0.8975916761938748,30,1.0
Impeller Imbalance,0.6571638901489107,0.5368124552684679,0.8979855052384247,30,1.0
Impeller Imbalance,0.3334887362273639,0.5425779291565073,0.8983445204995331,30,1.0
Impeller Imbalance,0.11225699414489176,0.5481753674101715,0.8986685944207868,30,1.0
Impeller Imbalance,0.015124368228711327,0.5535826794978996,0.8989576118602651,30,1.0
Impeller Imbalance,0.0,0.5587785252292475,0.8992114701314479,30,1.0
Impeller Imbalance,-0.015124368228710938,0.5637423989748691,0.8994300790397,30,1.0
Impeller Imbalance,-0.11225699414490442,0.568454710592869,0.8996133609143173,30,1.0
Impeller Imbalance,-0.33348873622737407,0.5728968627421412,0.8997612506361226,30,1.0
Impeller Imbalance,-0.6571638901489392,0.577051324277579,0.8998736956606018,30,1.0
Impeller Imbalance,-1.0000000000000073,0.5809016994374948,0.8999506560365732,30,1.0
Impeller Imbalance,-1.2449491424414019,0.5844327925502015,0.8999921044203817,30,1.0
Impeller Imbalance,-1.2845452525225292,0.5876306680043862,0.8999980260856137,30,1.0
Impeller Imbalance,-1.0633135104400515,0.5904827052466017,0.89996841892833,30,1.0
Impeller Imbalance,-0.6029096205212087,0.5929776485888252,0.8999032934678125,30,1.0
Impeller Imbalance,3.923821602364237e-15,0.5951056516295153,0.8998026728428272,30,1.0
Impeller Imbalance,0.6029096205211655,0.5968583161128631,0.8996665928034031,30,1.0
Impeller Imbalance,1.063313510440056,0.5982287250728688,0.8994951016981301,30,1.0
Impeller Imbalance,1.2845452525225223,0.5992114701314477,0.8992882604569814,30,1.0
Impeller Imbalance,1.2449491424413854,0.5998026728428272,0.8990461425696652,30,1.0
Impeller Imbalance,1.0000000000000033,0.6,0.8987688340595138,30,1.0
Impeller Imbalance,0.6571638901489348,0.5998026728428272,0.8984564334529206,30,1.0
Impeller Imbalance,0.3334887362273705,0.5992114701314478,0.8981090517443334,30,1.0
Impeller Imbalance,0.11225699414490253,0.5982287250728688,0.8977268123568194,30,1.0
Impeller Imbalance,0.015124368228710328,0.5968583161128631,0.8973098510982127,30,1.0
Impeller Imbalance,0.0,0.5951056516295155,0.8968583161128632,30,1.0
Impeller Imbalance,-0.015124368228711882,0.5929776485888252,0.8963723678290011,30,1.0
Impeller Imbalance,-0.11225699414489365,0.5904827052466021,0.8958521789017376,30,1.0
Impeller Imbalance,-0.3334887362273802,0.5876306680043865,0.895297934151722,30,1.0
Impeller Imbalance,-0.657163890148915,0.5844327925502016,0.8947098304994745,30,1.0
Impeller Imbalance,-1.0000000000000142,0.5809016994374949,0.8940880768954226,30,1.0
Impeller Imbalance,-1.244949142441391,0.5770513242775789,0.8934328942456613,30,1.0
Impeller Imbalance,-1.2845452525225272,0.5728968627421411,0.8927445153334662,30,1.0
Impeller Imbalance,-1.063313510440044,0.5684547105928689,0.8920231847365871,30,1.0
Impeller Imbalance,-0.6029096205211966,0.563742398974869,0.8912691587403503,30,1.0
Impeller Imbalance,1.76448175979073e-14,0.5587785252292474,0.890482705246602,30,1.0
Impeller Imbalance,0.6029096205211776,0.5535826794978997,0.8896641036785237,30,1.0
Impeller Imbalance,1.0633135104400637,0.5481753674101717,0.8888136448813545,30,1.0
Impeller Imbalance,1.2845452525225243,0.5425779291565075,0.8879316310190557,30,1.0
Impeller Imbalance,1.2449491424413823,0.5368124552684677,0.8870183754669526,30,1.0
Impeller Imbalance,0.9999999999999966,0.5309016994374947,0.8860742027003944,30,1.0
Impeller Imbalance,0.6571638901489271,0.5248689887164855,0.8850994481794693,30,1.0
Impeller Imbalance,0.3334887362273644,0.5187381314585725,0.8840944582298169,30,1.0
Impeller Imbalance,0.11225699414489909,0.5125333233564304,0.8830595899195813,30,1.0
Impeller Imbalance,0.015124368228709384,0.5062790519529314,0.8819952109325453,30,1.0
Impeller Imbalance,0.0,0.5000000000000001,0.8809016994374947,30,1.0
Impeller Imbalance,-0.015124368228712881,0.4937209480470688,0.8797794439538571,30,1.0
Impeller Imbalance,-0.1122569941448971,0.48746667664356974,0.878628843213662,30,1.0
Impeller Imbalance,-0.3334887362273864,0.4812618685414274,0.8774503060198735,30,1.0
Impeller Imbalance,-0.6571638901489227,0.4751310112835144,0.8762442511011448,30,1.0
Impeller Imbalance,-0.9999999999999927,0.4690983005625052,0.8750111069630461,30,1.0
Impeller Imbalance,-1.2449491424413943,0.4631875447315322,0.8737513117358174,30,1.0
Impeller Imbalance,-1.2845452525225252,0.45742207084349273,0.8724653130187047,30,1.0
Impeller Imbalance,-1.0633135104400364,0.4518246325898285,0.8711535677209287,30,1.0
Impeller Imbalance,-0.6029096205211846,0.44641732050210037,0.8698165418993473,30,1.0
Impeller Imbalance,3.1365813593450365e-14,0.4412214747707528,0.8684547105928688,30,1.0
Impeller Imbalance,0.6029096205211897,0.4362576010251311,0.8670685576536721,30,1.0
Impeller Imbalance,1.0633135104400715,0.431545289407131,0.8656585755752957,30,1.0
Impeller Imbalance,1.284545252522526,0.42710313725785876,0.8642252653176584,30,1.0
Impeller Imbalance,1.244949142441393,0.422948675722421,0.8627691361290701,30,1.0
Impeller Imbalance,0.9999999999999897,0.4190983005625052,0.8612907053652977,30,1.0
Impeller Imbalance,0.6571638901489194,0.41556720744979847,0.8597904983057519,30,1.0
Impeller Imbalance,0.3334887362273583,0.41236933199561365,0.8582690479668578,30,1.0
Impeller Imbalance,0.11225699414489565,0.40951729475339804,0.8567268949126757,30,1.0
Impeller Imbalance,0.015124368228708385,0.4070223514111749,0.855164587062843,30,1.0
Impeller Imbalance,0.0,0.40489434837048455,0.8535826794978996,30,1.0
Impeller Imbalance,-0.015124368228713825,0.40314168388713684,0.851981734262071,30,1.0
Impeller Imbalance,-0.11225699414490053,0.4017712749271311,0.850362320163576,30,1.0
Impeller Imbalance,-0.3334887362273925,0.4007885298685522,0.8487250125725332,30,1.0
Impeller Imbalance,-0.6571638901489304,0.4001973271571728,0.8470703932165333,30,1.0
Impeller Imbalance,-0.9999999999999996,0.4,0.8453990499739547,30,1.0
Impeller Imbalance,-1.2449491424413979,0.4001973271571728,0.8437115766650932,30,1.0
Impeller Imbalance,-1.2845452525225234,0.4007885298685522,0.8420085728411807,30,1.0
Impeller Imbalance,-1.0633135104400286,0.4017712749271311,0.8402906435713663,30,1.0
Impeller Imbalance,-0.6029096205211724,0.40314168388713695,0.8385583992277396,30,1.0
Impeller Imbalance,-1.175660927181459e-14,0.4048943483704846,0.8368124552684678,30,1.0
Impeller Imbalance,0.6029096205211517,0.4070223514111748,0.8350534320191261,30,1.0
Impeller Imbalance,1.0633135104400473,0.40951729475339793,0.8332819544522988,30,1.0
Impeller Imbalance,1.28454525252252,0.41236933199561354,0.8314986519655305,30,1.0
Impeller Imbalance,1.2449491424413897,0.41556720744979836,0.8297041581577036,30,1.0
Impeller Imbalance,1.0000000000000113,0.4190983005625051,0.8278991106039231,30,1.0
Impeller Imbalance,0.6571638901489117,0.42294867572242084,0.8260841506289898,30,1.0
Impeller Imbalance,0.3334887362273776,0.4271031372578586,0.8242599230795409,30,1.0
Impeller Imbalance,0.11225699414489221,0.4315452894071311,0.8224270760949383,30,1.0
Impeller Imbalance,0.015124368228711493,0.43625760102513095,0.8205862608769882,30,1.0
Impeller Imbalance,0.0,0.4412214747707526,0.8187381314585727,30,1.0
Impeller Imbalance,-0.015124368228710772,0.4464173205021002,0.8168833444712735,30,1.0
Impeller Imbalance,-0.11225699414488977,0.4518246325898283,0.8150225589120758,30,1.0
Impeller Imbalance,-0.3334887362273732,0.4574220708434925,0.8131564359092284,30,1.0
Impeller Imbalance,-0.6571638901489063,0.46318754473153195,0.8112856384873482,30,1.0
Impeller Imbalance,-1.0000000000000064,0.46909830056250496,0.8094108313318514,30,1.0
Impeller Imbalance,-1.244949142441387,0.47513101128351454,0.8075326805527934,30,1.0
Impeller Imbalance,-1.2845452525225214,0.4812618685414275,0.8056518534482026,30,1.0
Impeller Imbalance,-1.0633135104400528,0.4874666766435695,0.8037690182669934,30,1.0
Impeller Imbalance,-0.6029096205211604,0.49372094804706856,0.8018848439715409,30,1.0
Impeller Imbalance,1.964386723728472e-15,0.4999999999999999,0.8,30,1.0
Impeller Imbalance,0.6029096205211638,0.5062790519529312,0.7981151560284592,30,1.0
Impeller Imbalance,1.063313510440055,0.5125333233564302,0.7962309817330067,30,1.0
Impeller Imbalance,1.284545252522522,0.5187381314585723,0.7943481465517976,30,1.0
Impeller Imbalance,1.244949142441386,0.5248689887164852,0.7924673194472067,30,1.0
Impeller Imbalance,1.0000000000000044,0.5309016994374948,0.7905891686681487,30,1.0
Impeller Imbalance,0.6571638901489041,0.5368124552684678,0.788714361512652,30,1.0
Impeller Imbalance,0.3334887362273714,0.5425779291565073,0.7868435640907717,30,1.0
Impeller Imbalance,0.11225699414488882,0.5481753674101715,0.7849774410879244,30,1.0
Impeller Imbalance,0.015124368228710494,0.5535826794978996,0.7831166555287267,30,1.0
Impeller Imbalance,0.0,0.5587785252292475,0.7812618685414275,30,1.0
Impeller Imbalance,-0.015124368228711715,0.5637423989748689,0.779413739123012,30,1.0
Impeller Imbalance,-0.11225699414489321,0.568454710592869,0.7775729239050619,30,1.0
Impeller Imbalance,-0.33348873622737935,0.572896862742141,0.7757400769204592,30,1.0
Impeller Imbalance,-0.657163890148914,0.577051324277579,0.7739158493710104,30,1.0
Impeller Imbalance,-1.0000000000000133,0.5809016994374946,0.7721008893960771,30,1.0
Impeller Imbalance,-1.2449491424413905,0.5844327925502015,0.7702958418422965,30,1.0
Impeller Imbalance,-1.2845452525225196,0.5876306680043861,0.7685013480344697,30,1.0
Impeller Imbalance,-1.063313510440045,0.590482705246602,0.7667180455477014,30,1.0
Impeller Imbalance,-0.6029096205211483,0.5929776485888252,0.7649465679808741,30,1.0
Impeller Imbalance,1.5685382719271533e-14,0.5951056516295153,0.7631875447315323,30,1.0
Impeller Imbalance,0.6029096205211759,0.5968583161128631,0.7614416007722604,30,1.0
Impeller Imbalance,1.0633135104400626,0.5982287250728688,0.7597093564286337,30,1.0
Impeller Imbalance,1.2845452525225238,0.5992114701314478,0.7579914271588195,30,1.0
Impeller Imbalance,1.2449491424413828,0.5998026728428272,0.7562884233349068,30,1.0
Impeller Imbalance,0.9999999999999976,0.6,0.7546009500260453,30,1.0
Impeller Imbalance,0.6571638901488964,0.5998026728428272,0.7529296067834669,30,1.0
Impeller Imbalance,0.33348873622736525,0.5992114701314478,0.7512749874274668,30,1.0
Impeller Imbalance,0.11225699414488538,0.5982287250728688,0.7496376798364239,30,1.0
Impeller Imbalance,0.01512436822870955,0.5968583161128631,0.7480182657379292,30,1.0
Impeller Imbalance,0.0,0.5951056516295152,0.7464173205021004,30,1.0
Impeller Imbalance,-0.015124368228712715,0.5929776485888252,0.7448354129371569,30,1.0
Impeller Imbalance,-0.1122569941448966,0.590482705246602,0.7432731050873245,30,1.0
Impeller Imbalance,-0.33348873622738545,0.5876306680043865,0.7417309520331424,30,1.0
Impeller Imbalance,-0.6571638901489216,0.5844327925502015,0.7402095016942482,30,1.0
Impeller Imbalance,-1.00000000000002,0.5809016994374945,0.7387092946347025,30,1.0
Impeller Imbalance,-1.2449491424413939,0.5770513242775789,0.73723086387093,30,1.0
Impeller Imbalance,-1.2845452525225176,0.5728968627421409,0.7357747346823416,30,1.0
Impeller Imbalance,-1.0633135104400373,0.5684547105928689,0.7343414244247044,30,1.0
Impeller Imbalance,-0.6029096205211861,0.5637423989748688,0.732931442346328,30,1.0
Impeller Imbalance,2.9406378714814596e-14,0.5587785252292474,0.7315452894071311,30,1.0
Impeller Imbalance,0.6029096205211879,0.5535826794978995,0.7301834581006528,30,1.0
Impeller Imbalance,1.0633135104400704,0.5481753674101717,0.7288464322790715,30,1.0
Impeller Imbalance,1.2845452525225258,0.5425779291565072,0.7275346869812953,30,1.0
Impeller Imbalance,1.2449491424413792,0.5368124552684674,0.7262486882641827,30,1.0
Impeller Imbalance,0.9999999999999907,0.5309016994374947,0.7249888930369541,30,1.0
Impeller Imbalance,0.6571638901488888,0.5248689887164851,0.7237557488988552,30,1.0
Impeller Imbalance,0.33348873622735914,0.5187381314585725,0.7225496939801267,30,1.0
Impeller Imbalance,0.11225699414489615,0.5125333233564301,0.7213711567863381,30,1.0
Impeller Imbalance,0.015124368228708551,0.5062790519529314,0.7202205560461429,30,1.0
Impeller Imbalance,0.0,0.4999999999999998,0.7190983005625053,30,1.0
Impeller Imbalance,-0.015124368228713658,0.49372094804706884,0.7180047890674548,30,1.0
Impeller Imbalance,-0.11225699414490004,0.4874666766435694,0.7169404100804188,30,1.0
Impeller Imbalance,-0.33348873622739167,0.48126186854142705,0.7159055417701832,30,1.0
Impeller Imbalance,-0.6571638901489293,0.4751310112835144,0.7149005518205308,30,1.0
Impeller Imbalance,-1.0000000000000269,0.4690983005625049,0.7139257972996056,30,1.0
Impeller Imbalance,-1.2449491424413974,0.4631875447315322,0.7129816245330475,30,1.0
Impeller Imbalance,-1.2845452525225156,0.45742207084349246,0.7120683689809444,30,1.0
Impeller Imbalance,-1.0633135104400298,0.4518246325898285,0.7111863551186456,30,1.0
Impeller Imbalance,-0.6029096205211741,0.44641732050210015,0.7103358963214764,30,1.0
Impeller Imbalance,4.312737471035766e-14,0.4412214747707528,0.7095172947533981,30,1.0
Impeller Imbalance,0.6029096205212001,0.4362576010251309,0.7087308412596497,30,1.0
Impeller Imbalance,1.063313510440078,0.43154528940713077,0.7079768152634129,30,1.0
Impeller Imbalance,1.2845452525225278,0.42710313725785876,0.7072554846665339,30,1.0
Impeller Imbalance,1.2449491424413759,0.4229486757224208,0.7065671057543388,30,1.0
Impeller Imbalance,0.9999999999999838,0.41909830056250524,0.7059119231045774,30,1.0
Impeller Imbalance,0.6571638901488811,0.4155672074497983,0.7052901695005256,30,1.0
Impeller Imbalance,0.3334887362273529,0.41236933199561365,0.7047020658482781,30,1.0
Impeller Imbalance,0.11225699414489271,0.40951729475339793,0.7041478210982623,30,1.0
Impeller Imbalance,0.015124368228707608,0.4070223514111749,0.7036276321709991,30,1.0
Impeller Imbalance,0.0,0.40489434837048455,0.7031416838871369,30,1.0
Impeller Imbalance,-0.015124368228714657,0.4031416838871368,0.7026901489017874,30,1.0
Impeller Imbalance,-0.11225699414490348,0.4017712749271311,0.7022731876431807,30,1.0
Impeller Imbalance,-0.3334887362273978,0.4007885298685522,0.7018909482556666,30,1.0
Impeller Imbalance,-0.657163890148937,0.4001973271571728,0.7015435665470795,30,1.0
Impeller Imbalance,-1.0000000000000338,0.4,0.7012311659404863,30,1.0
Impeller Imbalance,-1.2449491424414008,0.4001973271571728,0.7009538574303349,30,1.0
Impeller Imbalance,-1.2845452525225296,0.4007885298685522,0.7007117395430187,30,1.0
Impeller Imbalance,-1.063313510440054,0.4017712749271311,0.70050489830187,30,1.0
Impeller Imbalance,-0.6029096205212121,0.4031416838871368,0.7003334071965971,30,1.0
Impeller Imbalance,4.951845092706862e-18,0.4048943483704846,0.7001973271571729,30,1.0
Impeller Imbalance,0.6029096205211621,0.40702235141117465,0.7000967065321876,30,1.0
Impeller Imbalance,1.063313510440022,0.40951729475339793,0.7000315810716701,30,1.0
Impeller Imbalance,1.2845452525225218,0.4123693319956133,0.7000019739143863,30,1.0
Impeller Imbalance,1.2449491424414008,0.41556720744979836,0.7000078955796184,30,1.0
Impeller Imbalance,1.0000000000000053,0.41909830056250486,0.7000493439634269,30,1.0
Impeller Imbalance,0.657163890148937,0.42294867572242084,0.7001263043393983,30,1.0
Impeller Imbalance,0.33348873622737224,0.4271031372578588,0.7002387493638775,30,1.0
Impeller Imbalance,0.11225699414490348,0.4315452894071308,0.7003866390856828,30,1.0
Impeller Imbalance,0.015124368228710605,0.43625760102513095,0.7005699209603001,30,1.0
Impeller Imbalance,0.0,0.4412214747707523,0.7007885298685522,30,1.0
Impeller Imbalance,-0.015124368228711604,0.4464173205021002,0.701042388139735,30,1.0
Impeller Imbalance,-0.11225699414489271,0.45182463258982797,0.7013314055792133,30,1.0
Impeller Imbalance,-0.3334887362273529,0.4574220708434925,0.701655479500467,30,1.0
Impeller Imbalance,-0.6571638901489129,0.4631875447315316,0.7020144947615754,30,1.0
Impeller Imbalance,-0.9999999999999838,0.46909830056250496,0.7024083238061253,30,1.0
Impeller Imbalance,-1.24494914244139,0.47513101128351454,0.7028368267085326,30,1.0
Impeller Imbalance,-1.2845452525225278,0.48126186854142716,0.7032998512237565,30,1.0
Impeller Imbalance,-1.0633135104400462,0.4874666766435695,0.7037972328413914,30,1.0
Impeller Imbalance,-0.6029096205212001,0.4937209480470682,0.7043287948441169,30,1.0
Impeller Imbalance,1.3725947840635769e-14,0.49999999999999983,0.7048943483704847,30,1.0
Impeller Imbalance,0.6029096205211741,0.5062790519529308,0.7054936924820195,30,1.0
Impeller Imbalance,1.0633135104400298,0.5125333233564302,0.7061266142346125,30,1.0
Impeller Imbalance,1.2845452525225236,0.5187381314585718,0.7067928887541789,30,1.0
Impeller Imbalance,1.2449491424413974,0.5248689887164852,0.7074922793165541,30,1.0
Impeller Imbalance,0.9999999999999986,0.5309016994374948,0.7082245374316019,30,1.0
Impeller Imbalance,0.6571638901489293,0.5368124552684674,0.7089894029315005,30,1.0
Impeller Imbalance,0.33348873622736613,0.5425779291565073,0.7097866040631797,30,1.0
Impeller Imbalance,0.11225699414490004,0.5481753674101711,0.7106158575848736,30,1.0
Impeller Imbalance,0.015124368228709606,0.5535826794978995,0.7114768688667545,30,1.0
Impeller Imbalance,0.0,0.5587785252292469,0.7123693319956136,30,1.0
Impeller Imbalance,-0.015124368228708551,0.5637423989748689,0.713292929883551,30,1.0
Impeller Imbalance,-0.11225699414489615,0.5684547105928685,0.7142473343806348,30,1.0
Impeller Imbalance,-0.33348873622735914,0.572896862742141,0.7152322063914917,30,1.0
Impeller Imbalance,-0.6571638901489205,0.577051324277579,0.7162471959957858,30,1.0
Impeller Imbalance,-0.9999999999999907,0.5809016994374946,0.7172919425725438,30,1.0
Impeller Imbalance,-1.2449491424413934,0.5844327925502015,0.7183660749282815,30,1.0
Impeller Imbalance,-1.2845452525225258,0.5876306680043861,0.7194692114288878,30,1.0
Impeller Imbalance,-1.0633135104400386,0.590482705246602,0.7206009601352165,30,1.0
Impeller Imbalance,-0.6029096205211879,0.592977648588825,0.7217609189423412,30,1.0
Impeller Imbalance,2.744694383617883e-14,0.5951056516295153,0.722948675722421,30,1.0
Impeller Imbalance,0.6029096205211861,0.5968583161128631,0.7241638084711278,30,1.0
Impeller Imbalance,1.0633135104400373,0.5982287250728688,0.7254058854575818,30,1.0
Impeller Imbalance,1.2845452525225256,0.5992114701314478,0.7266744653777439,30,1.0
Impeller Imbalance,1.2449491424413939,0.5998026728428272,0.7279690975112093,30,1.0
Impeller Imbalance,0.9999999999999917,0.6,0.7292893218813452,30,1.0
Impeller Imbalance,0.6571638901489216,0.5998026728428272,0.7306346694187195,30,1.0
Impeller Imbalance,0.33348873622736,0.5992114701314478,0.732004662127758,30,1.0
Impeller Imbalance,0.1122569941448966,0.598228725072869,0.733398813256575,30,1.0
Impeller Imbalance,0.015124368228708662,0.5968583161128631,0.7348166274699122,30,1.0
Impeller Imbalance,0.0,0.5951056516295153,0.736257601025131,30,1.0
Impeller Imbalance,-0.01512436822870955,0.5929776485888252,0.7377212219511888,30,1.0
Impeller Imbalance,-0.11225699414489959,0.590482705246602,0.7392069702305395,30,1.0
Impeller Imbalance,-0.33348873622736525,0.5876306680043865,0.7407143179838941,30,1.0
Impeller Imbalance,-0.6571638901489282,0.5844327925502015,0.7422427296577734,30,1.0
Impeller Imbalance,-0.9999999999999976,0.5809016994374949,0.7437916622147869,30,1.0
Impeller Imbalance,-1.244949142441397,0.577051324277579,0.7453605653265731,30,1.0
Impeller Imbalance,-1.2845452525225238,0.5728968627421415,0.7469488815693267,30,1.0
Impeller Imbalance,-1.0633135104400309,0.5684547105928689,0.7485560466218494,30,1.0
Impeller Imbalance,-0.6029096205211759,0.5637423989748688,0.750181489466051,30,1.0
Impeller Imbalance,-1.567547902908612e-14,0.5587785252292474,0.7518246325898286,30,1.0
Impeller Imbalance,0.6029096205211983,0.5535826794978995,0.7534848921922541,30,1.0
Impeller Imbalance,1.063313510440045,0.5481753674101717,0.7551616783909968,30,1.0
Impeller Imbalance,1.2845452525225274,0.5425779291565072,0.7568543954319042,30,1.0
Impeller Imbalance,1.2449491424413905,0.5368124552684681,0.7585624419006716,30,1.0
Impeller Imbalance,0.9999999999999848,0.5309016994374948,0.760285210936522,30,1.0
Impeller Imbalance,0.657163890148914,0.5248689887164858,0.76202209044782,30,1.0
Impeller Imbalance,0.33348873622735387,0.5187381314585725,0.7637724633295454,30,1.0
Impeller Imbalance,0.11225699414489321,0.5125333233564302,0.7655357076825483,30,1.0
Impeller Imbalance,0.015124368228711715,0.5062790519529314,0.7673111970345059,30,1.0
Impeller Imbalance,0.0,0.4999999999999998,0.7690983005625053,30,1.0
Impeller Imbalance,-0.015124368228710494,0.49372094804706884,0.7708963833171729,30,1.0
Impeller Imbalance,-0.11225699414490298,0.48746667664356946,0.7727048064482676,30,1.0
Impeller Imbalance,-0.3334887362273714,0.4812618685414278,0.7745229274316617,30,1.0
Impeller Imbalance,-0.6571638901489358,0.4751310112835145,0.7763501002976276,30,1.0
Impeller Imbalance,-1.0000000000000044,0.46909830056250557,0.7781856758603458,30,1.0
Impeller Imbalance,-1.2449491424414003,0.46318754473153223,0.7800290019485593,30,1.0
Impeller Imbalance,-1.284545252522522,0.45742207084349246,0.7818794236372864,30,1.0
Impeller Imbalance,-1.063313510440023,0.4518246325898285,0.7837362834805117,30,1.0
Impeller Imbalance,-0.6029096205211638,0.44641732050210015,0.7855989217447747,30,1.0
Impeller Imbalance,-1.9544830335430583e-15,0.4412214747707528,0.7874666766435696,30,1.0
Impeller Imbalance,0.6029096205212103,0.4362576010251309,0.7893388845724741,30,1.0
Impeller Imbalance,1.0633135104400528,0.4315452894071313,0.7912148803449257,30,1.0
Impeller Imbalance,1.2845452525225294,0.42710313725785876,0.7930939974285595,30,1.0
Impeller Imbalance,1.244949142441387,0.4229486757224208,0.7949755681820232,30,1.0
Impeller Imbalance,0.9999999999999779,0.41909830056250524,0.7968589240921872,30,1.0
Impeller Imbalance,0.6571638901489063,0.4155672074497983,0.7987433960116648,30,1.0
Impeller Imbalance,0.33348873622734765,0.41236933199561365,0.800628314396556,30,1.0
Impeller Imbalance,0.11225699414488977,0.40951729475339793,0.8025130095443338,30,1.0
Impeller Imbalance,0.015124368228710772,0.40702235141117493,0.8043968118317866,30,1.0
Impeller Imbalance,0.0,0.40489434837048455,0.8062790519529315,30,1.0
Impeller Imbalance,-0.015124368228711493,0.40314168388713695,0.8081590611568158,30,1.0
Impeller Imbalance,-0.11225699414490642,0.4017712749271311,0.8100361714851215,30,1.0
Impeller Imbalance,-0.3334887362273776,0.4007885298685522,0.8119097160094871,30,1.0
Impeller Imbalance,-0.6571638901489435,0.4001973271571728,0.8137790290684638,30,1.0
Impeller Imbalance,-1.0000000000000113,0.4,0.8156434465040232,30,1.0
Impeller Imbalance,-1.2449491424414039,0.4001973271571728,0.8175023058975277,30,1.0
Impeller Imbalance,-1.28454525252252,0.40078852986855223,0.819354946805086,30,1.0
Impeller Imbalance,-1.0633135104400473,0.4017712749271311,0.8212007109922056,30,1.0
Impeller Imbalance,-0.6029096205211517,0.40314168388713695,0.8230389426676592,30,1.0
Impeller Imbalance,1.1766512962000004e-14,0.4048943483704846,0.8248689887164855,30,1.0
Impeller Imbalance,0.6029096205212224,0.40702235141117493,0.8266901989320377,30,1.0
Impeller Imbalance,1.0633135104400604,0.40951729475339826,0.8285019262469978,30,1.0
Impeller Imbalance,1.2845452525225314,0.41236933199561365,0.8303035269632775,30,1.0
Impeller Imbalance,1.2449491424413837,0.4155672074497987,0.832094360980721,30,1.0
Impeller Imbalance,0.9999999999999711,0.41909830056250524,0.8338737920245293,30,1.0
Impeller Imbalance,0.6571638901488986,0.4229486757224213,0.8356411878713251,30,1.0
Impeller Imbalance,0.33348873622734154,0.4271031372578588,0.8373959205737801,30,1.0
Impeller Imbalance,0.11225699414488632,0.4315452894071313,0.8391373666837204,30,1.0
Impeller Imbalance,0.015124368228709772,0.4362576010251309,0.840864907473635,30,1.0
Impeller Imbalance,0.0,0.44122147477075285,0.8425779291565074,30,1.0
Impeller Imbalance,-0.015124368228712437,0.44641732050210076,0.8442758231038903,30,1.0
Impeller Imbalance,-0.11225699414490986,0.4518246325898286,0.8459579860621489,30,1.0
Impeller Imbalance,-0.33348873622738373,0.4574220708434931,0.8476238203667941,30,1.0
Impeller Imbalance,-0.6571638901489513,0.46318754473153223,0.8492727341548293,30,1.0
Impeller Imbalance,-1.0000000000000182,0.4690983005625056,0.8509041415750371,30,1.0
Impeller Imbalance,-1.2449491424414072,0.4751310112835145,0.8525174629961296,30,1.0
Impeller Imbalance,-1.284545252522518,0.48126186854142783,0.8541121252126878,30,1.0
Impeller Imbalance,-1.0633135104400395,0.48746667664356946,0.8556875616488189,30,1.0
Impeller Imbalance,-0.6029096205211397,0.4937209480470689,0.8572432125594592,30,1.0
Impeller Imbalance,2.5487508957543065e-14,0.5000000000000006,0.8587785252292475,30,1.0
Impeller Imbalance,0.6029096205212345,0.5062790519529314,0.8602929541689025,30,1.0
Impeller Imbalance,1.063313510440068,0.5125333233564309,0.8617859613090335,30,1.0
Impeller Imbalance,1.2845452525225332,0.5187381314585725,0.8632570161913126,30,1.0
Impeller Imbalance,1.2449491424413943,0.5248689887164851,0.8647055961569443,30,1.0
Impeller Imbalance,1.000000000000021,0.5309016994374941,0.8661311865323651,30,1.0
Impeller Imbalance,0.6571638901489227,0.5368124552684674,0.8675332808121025,30,1.0
Impeller Imbalance,0.3334887362273864,0.5425779291565072,0.8689113808387348,30,1.0
Impeller Imbalance,0.1122569941448971,0.5481753674101711,0.8702649969798849,30,1.0
Impeller Imbalance,0.015124368228712881,0.5535826794978995,0.8715936483021831,30,1.0
Impeller Imbalance,0.0,0.5587785252292469,0.8728968627421411,30,1.0
Impeller Imbalance,-0.015124368228709384,0.5637423989748688,0.8741741772738739,30,1.0
Impeller Imbalance,-0.11225699414488488,0.5684547105928685,0.8754251380736104,30,1.0
Impeller Imbalance,-0.3334887362273644,0.5728968627421409,0.8766493006809349,30,1.0
Impeller Imbalance,-0.6571638901488952,0.5770513242775785,0.8778462301567023,30,1.0
Impeller Imbalance,-0.9999999999999966,0.5809016994374945,0.8790155012375691,30,1.0
Impeller Imbalance,-1.2449491424413823,0.5844327925502015,0.8801566984870877,30,1.0
Impeller Imbalance,-1.2845452525225243,0.5876306680043861,0.8812694164433094,30,1.0
Impeller Imbalance,-1.0633135104400637,0.590482705246602,0.8823532597628427,30,1.0
Impeller Imbalance,-0.6029096205211776,0.592977648588825,0.8834078433613171,30,1.0
Impeller Imbalance,-1.7634913907721887e-14,0.5951056516295153,0.8844327925502016,30,1.0
Impeller Imbalance,0.6029096205211966,0.596858316112863,0.8854277431699296,30,1.0
Impeller Imbalance,1.063313510440044,0.5982287250728688,0.8863923417192835,30,1.0
Impeller Imbalance,1.2845452525225194,0.5992114701314477,0.887326245480992,30,1.0
Impeller Imbalance,1.244949142441391,0.5998026728428272,0.8882291226434954,30,1.0
Impeller Imbalance,1.0000000000000142,0.6,0.8891006524188367,30,1.0
Impeller Imbalance,0.657163890148915,0.5998026728428272,0.8899405251566371,30,1.0
Impeller Imbalance,0.3334887362273802,0.5992114701314478,0.8907484424541118,30,1.0
Impeller Imbalance,0.11225699414489365,0.598228725072869,0.8915241172620918,30,1.0
Impeller Imbalance,0.015124368228711882,0.5968583161128631,0.8922672739870114,30,1.0
Impeller Imbalance,0.0,0.5951056516295156,0.8929776485888252,30,1.0
Impeller Imbalance,-0.015124368228710328,0.5929776485888252,0.8936549886748193,30,1.0
Impeller Imbalance,-0.11225699414488832,0.5904827052466022,0.8942990535892865,30,1.0
Impeller Imbalance,-0.3334887362273705,0.5876306680043865,0.8949096144990295,30,1.0
Impeller Imbalance,-0.657163890148903,0.5844327925502015,0.8954864544746644,30,1.0
Impeller Imbalance,-1.0000000000000033,0.5809016994374949,0.8960293685676943,30,1.0
Impeller Imbalance,-1.2449491424413857,0.577051324277579,0.8965381638833274,30,1.0
Impeller Imbalance,-1.2845452525225223,0.5728968627421415,0.8970126596490107,30,1.0
Impeller Imbalance,-1.063313510440056,0.5684547105928689,0.8974526872786578,30,1.0
Impeller Imbalance,-0.6029096205211655,0.5637423989748693,0.8978580904325473,30,1.0
Impeller Imbalance,-3.9139179121788235e-15,0.5587785252292474,0.8982287250728689,30,1.0
Impeller Imbalance,0.6029096205211586,0.5535826794979002,0.8985644595148998,30,1.0
Impeller Imbalance,1.0633135104400515,0.5481753674101717,0.8988651744737914,30,1.0
Impeller Imbalance,1.2845452525225212,0.5425779291565072,0.8991307631069507,30,1.0
Impeller Imbalance,1.2449491424413877,0.5368124552684681,0.8993611310520009,30,1.0
Impeller Imbalance,1.0000000000000073,0.5309016994374948,0.899556196460308,30,1.0
Impeller Imbalance,0.6571638901489073,0.5248689887164859,0.8997158900260614,30,1.0
Impeller Imbalance,0.33348873622737407,0.5187381314585725,0.8998401550108975,30,1.0
Impeller Imbalance,0.11225699414489021,0.5125333233564309,0.899928947264059,30,1.0
Impeller Imbalance,0.015124368228710883,0.5062790519529314,0.899982235238081,30,1.0
Impeller Imbalance,0.0,0.5000000000000006,0.9,30,1.0
Impeller Imbalance,-0.015124368228711327,0.4937209480470689,0.899982235238081,30,1.0
Impeller Imbalance,-0.11225699414489176,0.48746667664356946,0.899928947264059,30,1.0
Impeller Imbalance,-0.33348873622737674,0.48126186854142783,0.8998401550108975,30,1.0
Impeller Imbalance,-0.6571638901489107,0.4751310112835145,0.8997158900260614,30,1.0
Impeller Imbalance,-1.0000000000000102,0.4690983005625056,0.899556196460308,30,1.0
Impeller Imbalance,-1.244949142441389,0.46318754473153223,0.8993611310520009,30,1.0
Impeller Imbalance,-1.2845452525225203,0.4574220708434931,0.8991307631069507,30,1.0
Impeller Imbalance,-1.0633135104400484,0.4518246325898286,0.8988651744737914,30,1.0
Impeller Imbalance,-0.6029096205211535,0.44641732050210015,0.8985644595148998,30,1.0
Impeller Imbalance,9.80707808336424e-15,0.44122147477075285,0.8982287250728689,30,1.0
Impeller Imbalance,0.6029096205211707,0.4362576010251309,0.8978580904325473,30,1.0
Impeller Imbalance,1.0633135104400593,0.4315452894071313,0.8974526872786578,30,1.0
Impeller Imbalance,1.284545252522523,0.4271031372578588,0.8970126596490107,30,1.0
Impeller Imbalance,1.244949142441384,0.4229486757224213,0.8965381638833274,30,1.0
Impeller Imbalance,1.0000000000000004,0.41909830056250524,0.8960293685676943,30,1.0
Impeller Imbalance,0.6571638901488996,0.4155672074497987,0.8954864544746644,30,1.0
Impeller Imbalance,0.33348873622736797,0.41236933199561365,0.8949096144990295,30,1.0
Impeller Imbalance,0.11225699414488677,0.40951729475339793,0.8942990535892865,30,1.0
Impeller Imbalance,0.015124368228709939,0.40702235141117493,0.8936549886748193,30,1.0
Impeller Imbalance,0.0,0.4048943483704846,0.8929776485888252,30,1.0
Impeller Imbalance,-0.01512436822871227,0.40314168388713695,0.8922672739870116,30,1.0
Impeller Imbalance,-0.1122569941448952,0.4017712749271311,0.8915241172620918,30,1.0
Impeller Imbalance,-0.33348873622738284,0.40078852986855223,0.8907484424541118,30,1.0
Impeller Imbalance,-0.6571638901489183,0.4001973271571728,0.8899405251566371,30,1.0
Impeller Imbalance,-1.000000000000017,0.4,0.8891006524188368,30,1.0
Impeller Imbalance,-1.2449491424413925,0.4001973271571728,0.8882291226434954,30,1.0
Impeller Imbalance,-1.2845452525225185,0.40078852986855223,0.887326245480992,30,1.0
Impeller Imbalance,-1.0633135104400409,0.4017712749271311,0.8863923417192836,30,1.0
Impeller Imbalance,-0.6029096205211915,0.40314168388713695,0.8854277431699296,30,1.0
Impeller Imbalance,2.3528074078907303e-14,0.40489434837048455,0.8844327925502016,30,1.0
Impeller Imbalance,0.6029096205211828,0.40702235141117493,0.8834078433613172,30,1.0
Impeller Imbalance,1.063313510440067,0.40951729475339793,0.8823532597628428,30,1.0
Impeller Imbalance,1.2845452525225252,0.41236933199561365,0.8812694164433095,30,1.0
Impeller Imbalance,1.2449491424413808,0.4155672074497983,0.8801566984870877,30,1.0
Impeller Imbalance,0.9999999999999937,0.41909830056250524,0.8790155012375691,30,1.0
Impeller Imbalance,0.657163890148892,0.4229486757224213,0.8778462301567024,30,1.0
Impeller Imbalance,0.33348873622736175,0.42710313725785876,0.876649300680935,30,1.0
Impeller Imbalance,0.11225699414488338,0.4315452894071313,0.8754251380736104,30,1.0
Impeller Imbalance,0.01512436822870894,0.4362576010251309,0.874174177273874,30,1.0
Impeller Imbalance,0.0,0.4412214747707528,0.8728968627421412,30,1.0
Impeller Imbalance,-0.01512436822871327,0.44641732050210015,0.8715936483021832,30,1.0
Impeller Imbalance,-0.11225699414489865,0.4518246325898285,0.870264996979885,30,1.0
Impeller Imbalance,-0.333488736227389,0.45742207084349246,0.8689113808387349,30,1.0
Impeller Imbalance,-0.6571638901489261,0.46318754473153223,0.8675332808121026,30,1.0
Impeller Imbalance,-1.000000000000024,0.46909830056250557,0.8661311865323652,30,1.0
Impeller Imbalance,-1.2449491424413959,0.4751310112835145,0.8647055961569444,30,1.0
Impeller Imbalance,-1.2845452525225165,0.4812618685414278,0.8632570161913126,30,1.0
Impeller Imbalance,-1.063313510440033,0.48746667664356946,0.8617859613090335,30,1.0
Impeller Imbalance,-0.6029096205211792,0.49372094804706884,0.8602929541689025,30,1.0
Impeller Imbalance,3.7249070074450366e-14,0.4999999999999998,0.8587785252292474,30,1.0
Impeller Imbalance,0.6029096205211948,0.5062790519529314,0.8572432125594591,30,1.0
Impeller Imbalance,1.0633135104400746,0.5125333233564309,0.8556875616488188,30,1.0
Impeller Imbalance,1.284545252522527,0.5187381314585725,0.8541121252126876,30,1.0
Impeller Imbalance,1.2449491424413774,0.5248689887164858,0.8525174629961296,30,1.0
Impeller Imbalance,0.9999999999999868,0.5309016994374948,0.8509041415750371,30,1.0
Impeller Imbalance,0.6571638901488843,0.5368124552684681,0.8492727341548293,30,1.0
Impeller Imbalance,0.3334887362273556,0.5425779291565072,0.847623820366794,30,1.0
Impeller Imbalance,0.11225699414489415,0.5481753674101717,0.8459579860621488,30,1.0
Impeller Imbalance,0.015124368228707996,0.5535826794978995,0.8442758231038903,30,1.0
Impeller Imbalance,0.0,0.5587785252292474,0.8425779291565073,30,1.0
Impeller Imbalance,-0.015124368228714269,0.5637423989748693,0.8408649074736348,30,1.0
Impeller Imbalance,-0.11225699414490203,0.5684547105928689,0.8391373666837202,30,1.0
Impeller Imbalance,-0.3334887362273952,0.5728968627421415,0.8373959205737801,30,1.0
Impeller Imbalance,-0.6571638901489336,0.577051324277579,0.835641187871325,30,1.0
Impeller Imbalance,-1.0000000000000309,0.5809016994374949,0.833873792024529,30,1.0
Impeller Imbalance,-1.2449491424413992,0.5844327925502015,0.832094360980721,30,1.0
Impeller Imbalance,-1.2845452525225225,0.5876306680043865,0.8303035269632774,30,1.0
Impeller Imbalance,-1.063313510440057,0.590482705246602,0.8285019262469975,30,1.0
Impeller Imbalance,-0.6029096205211173,0.5929776485888252,0.8266901989320375,30,1.0
Impeller Imbalance,5.097006606999343e-14,0.5951056516295156,0.8248689887164854,30,1.0
Impeller Imbalance,0.602909620521207,0.5968583161128631,0.823038942667659,30,1.0
Impeller Imbalance,1.0633135104400506,0.598228725072869,0.8212007109922055,30,1.0
Impeller Imbalance,1.2845452525225367,0.5992114701314478,0.819354946805086,30,1.0
Impeller Imbalance,1.244949142441374,0.5998026728428272,0.8175023058975275,30,1.0
Impeller Imbalance,0.9999999999999799,0.6,0.8156434465040231,30,1.0
Impeller Imbalance,0.6571638901489085,0.5998026728428272,0.8137790290684638,30,1.0
Impeller Imbalance,0.3334887362273749,0.5992114701314478,0.8119097160094869,30,1.0
Impeller Imbalance,0.1122569941448765,0.5982287250728688,0.8100361714851215,30,1.0
Impeller Imbalance,0.015124368228706997,0.596858316112863,0.8081590611568157,30,1.0
Impeller Imbalance,0.0,0.5951056516295153,0.8062790519529313,30,1.0
Impeller Imbalance,-0.01512436822871116,0.592977648588825,0.8043968118317865,30,1.0
Impeller Imbalance,-0.11225699414491969,0.590482705246602,0.8025130095443337,30,1.0
Impeller Imbalance,-0.33348873622735037,0.5876306680043866,0.8006283143965561,30,1.0
Impeller Imbalance,-0.6571638901488779,0.5844327925502019,0.7987433960116649,30,1.0
Impeller Imbalance,-1.0000000000000093,0.5809016994374949,0.7968589240921873,30,1.0
Impeller Imbalance,-1.2449491424413885,0.5770513242775794,0.7949755681820233,30,1.0
Impeller Imbalance,-1.2845452525225285,0.5728968627421415,0.7930939974285596,30,1.0
Impeller Imbalance,-1.0633135104400813,0.568454710592869,0.7912148803449258,30,1.0
Impeller Imbalance,-0.6029096205211552,0.5637423989748693,0.7893388845724743,30,1.0
Impeller Imbalance,7.847643204728474e-15,0.5587785252292474,0.7874666766435697,30,1.0
Impeller Imbalance,0.602909620521169,0.5535826794979002,0.7855989217447749,30,1.0
Impeller Imbalance,1.0633135104400264,0.5481753674101718,0.7837362834805118,30,1.0
Impeller Imbalance,1.284545252522515,0.5425779291565078,0.7818794236372865,30,1.0
Impeller Imbalance,1.2449491424413845,0.5368124552684681,0.7800290019485594,30,1.0
Impeller Imbalance,1.0000000000000016,0.5309016994374948,0.7781856758603459,30,1.0
Impeller Imbalance,0.6571638901489325,0.5248689887164859,0.7763501002976277,30,1.0
Impeller Imbalance,0.3334887362273942,0.5187381314585726,0.7745229274316618,30,1.0
Impeller Imbalance,0.11225699414488727,0.5125333233564309,0.7727048064482677,30,1.0
Impeller Imbalance,0.015124368228710106,0.5062790519529315,0.770896383317173,30,1.0
Impeller Imbalance,0.0,0.5000000000000006,0.7690983005625055,30,1.0
Impeller Imbalance,-0.015124368228708107,0.4937209480470689,0.7673111970345058,30,1.0
Impeller Imbalance,-0.11225699414488038,0.4874666766435702,0.7655357076825484,30,1.0
Impeller Imbalance,-0.333488736227382,0.48126186854142783,0.7637724633295457,30,1.0
Impeller Imbalance,-0.6571638901489172,0.47513101128351454,0.7620220904478199,30,1.0
Impeller Imbalance,-0.9999999999999878,0.4690983005625056,0.7602852109365221,30,1.0
Impeller Imbalance,-1.2449491424413779,0.4631875447315323,0.7585624419006718,30,1.0
Impeller Imbalance,-1.2845452525225187,0.4574220708434932,0.7568543954319041,30,1.0
Impeller Imbalance,-1.0633135104400417,0.4518246325898286,0.7551616783909969,30,1.0
Impeller Imbalance,-0.6029096205211931,0.4464173205021008,0.7534848921922545,30,1.0
Impeller Imbalance,-3.527477966053648e-14,0.44122147477075285,0.7518246325898286,30,1.0
Impeller Imbalance,0.6029096205211311,0.4362576010251315,0.750181489466051,30,1.0
Impeller Imbalance,1.063313510440066,0.4315452894071313,0.7485560466218496,30,1.0
Impeller Imbalance,1.2845452525225247,0.4271031372578588,0.7469488815693266,30,1.0
Impeller Imbalance,1.2449491424413954,0.4229486757224213,0.7453605653265732,30,1.0
Impeller Imbalance,1.000000000000023,0.4190983005625053,0.7437916622147872,30,1.0
Impeller Imbalance,0.6571638901488932,0.4155672074497987,0.7422427296577733,30,1.0
Impeller Imbalance,0.3334887362273627,0.41236933199561365,0.7407143179838942,30,1.0
Impeller Imbalance,0.11225699414489815,0.40951729475339826,0.7392069702305397,30,1.0
Impeller Imbalance,0.015124368228713103,0.40702235141117493,0.7377212219511888,30,1.0
Impeller Imbalance,0.0,0.4048943483704848,0.7362576010251312,30,1.0
Impeller Imbalance,-0.015124368228713103,0.40314168388713695,0.7348166274699124,30,1.0
Impeller Imbalance,-0.11225699414489815,0.4017712749271311,0.7333988132565749,30,1.0
Impeller Imbalance,-0.3334887362273627,0.40078852986855223,0.7320046621277582,30,1.0
Impeller Imbalance,-0.6571638901488932,0.4001973271571728,0.7306346694187197,30,1.0
Impeller Imbalance,-1.000000000000023,0.4,0.7292893218813453,30,1.0
Impeller Imbalance,-1.2449491424413954,0.4001973271571728,0.7279690975112094,30,1.0
Impeller Imbalance,-1.2845452525225247,0.4007885298685522,0.7266744653777442,30,1.0
Impeller Imbalance,-1.063313510440066,0.4017712749271311,0.7254058854575818,30,1.0
Impeller Imbalance,-0.6029096205211311,0.4031416838871368,0.7241638084711279,30,1.0
Impeller Imbalance,3.52896351958146e-14,0.40489434837048455,0.7229486757224213,30,1.0
Impeller Imbalance,0.6029096205211932,0.4070223514111749,0.7217609189423412,30,1.0
Impeller Imbalance,1.0633135104400417,0.40951729475339793,0.7206009601352166,30,1.0
Impeller Imbalance,1.2845452525225187,0.41236933199561365,0.719469211428888,30,1.0
Impeller Imbalance,1.2449491424413779,0.4155672074497983,0.7183660749282816,30,1.0
Impeller Imbalance,0.9999999999999878,0.41909830056250524,0.7172919425725439,30,1.0
Impeller Imbalance,0.6571638901489172,0.4229486757224208,0.716247195995786,30,1.0
Impeller Imbalance,0.333488736227382,0.42710313725785876,0.7152322063914917,30,1.0
Impeller Imbalance,0.11225699414488038,0.43154528940713127,0.7142473343806348,30,1.0
Impeller Imbalance,0.015124368228708163,0.4362576010251309,0.7132929298835511,30,1.0
Impeller Imbalance,0.0,0.4412214747707528,0.7123693319956137,30,1.0
Impeller Imbalance,-0.015124368228710106,0.44641732050210015,0.7114768688667545,30,1.0
Impeller Imbalance,-0.11225699414488727,0.4518246325898285,0.7106158575848738,30,1.0
Impeller Imbalance,-0.3334887362273942,0.45742207084349246,0.7097866040631797,30,1.0
Impeller Imbalance,-0.6571638901489325,0.4631875447315322,0.7089894029315005,30,1.0
Impeller Imbalance,-1.0000000000000016,0.4690983005625049,0.708224537431602,30,1.0
Impeller Imbalance,-1.2449491424413845,0.4751310112835144,0.7074922793165542,30,1.0
Impeller Imbalance,-1.284545252522515,0.4812618685414278,0.706792888754179,30,1.0
Impeller Imbalance,-1.0633135104400264,0.4874666766435694,0.7061266142346128,30,1.0
Impeller Imbalance,-0.602909620521169,0.49372094804706884,0.7054936924820195,30,1.0
Impeller Imbalance,-7.832787669450353e-15,0.4999999999999998,0.7048943483704847,30,1.0
Impeller Imbalance,0.6029096205211552,0.5062790519529314,0.704328794844117,30,1.0
Impeller Imbalance,1.0633135104400813,0.5125333233564301,0.7037972328413914,30,1.0
Impeller Imbalance,1.2845452525225285,0.5187381314585725,0.7032998512237565,30,1.0
Impeller Imbalance,1.2449491424413885,0.5248689887164851,0.7028368267085326,30,1.0
Impeller Imbalance,1.0000000000000093,0.5309016994374947,0.7024083238061253,30,1.0
Impeller Imbalance,0.6571638901488779,0.5368124552684681,0.7020144947615754,30,1.0
Impeller Imbalance,0.33348873622735037,0.5425779291565072,0.7016554795004671,30,1.0
Impeller Imbalance,0.11225699414489126,0.5481753674101717,0.7013314055792133,30,1.0
Impeller Imbalance,0.01512436822871116,0.5535826794978995,0.701042388139735,30,1.0
Impeller Imbalance,0.0,0.5587785252292474,0.7007885298685523,30,1.0
Impeller Imbalance,-0.015124368228715046,0.5637423989748688,0.7005699209603001,30,1.0
Impeller Imbalance,-0.11225699414490503,0.5684547105928689,0.7003866390856828,30,1.0
Impeller Imbalance,-0.3334887362273749,0.5728968627421409,0.7002387493638775,30,1.0
Impeller Imbalance,-0.6571638901489085,0.5770513242775789,0.7001263043393983,30,1.0
Impeller Imbalance,-1.0000000000000369,0.5809016994374949,0.7000493439634269,30,1.0
Impeller Imbalance,-1.2449491424414023,0.5844327925502015,0.7000078955796184,30,1.0
Impeller Imbalance,-1.284545252522521,0.5876306680043865,0.7000019739143863,30,1.0
Impeller Imbalance,-1.0633135104400506,0.590482705246602,0.7000315810716701,30,1.0
Impeller Imbalance,-0.602909620521207,0.5929776485888252,0.7000967065321876,30,1.0
Impeller Imbalance,6.273162718690073e-14,0.5951056516295152,0.7001973271571729,30,1.0
Impeller Imbalance,0.6029096205212173,0.5968583161128631,0.7003334071965971,30,1.0
Impeller Imbalance,1.063313510440057,0.5982287250728688,0.70050489830187,30,1.0
Impeller Imbalance,1.2845452525225225,0.5992114701314478,0.7007117395430187,30,1.0
Impeller Imbalance,1.2449491424413708,0.5998026728428272,0.7009538574303349,30,1.0
Impeller Imbalance,0.999999999999974,0.6,0.7012311659404862,30,1.0
Impeller Imbalance,0.6571638901489019,0.5998026728428272,0.7015435665470795,30,1.0
Impeller Imbalance,0.3334887362273697,0.5992114701314478,0.7018909482556666,30,1.0
Impeller Imbalance,0.11225699414490203,0.5982287250728688,0.7022731876431807,30,1.0
Impeller Imbalance,0.01512436822870622,0.5968583161128631,0.7026901489017874,30,1.0
Impeller Imbalance,0.0,0.5951056516295153,0.7031416838871369,30,1.0
Impeller Imbalance,-0.015124368228712048,0.5929776485888252,0.703627632170999,30,1.0
Impeller Imbalance,-0.11225699414489415,0.590482705246602,0.7041478210982625,30,1.0
Impeller Imbalance,-0.3334887362274066,0.5876306680043861,0.7047020658482781,30,1.0
Impeller Imbalance,-0.6571638901489478,0.5844327925502015,0.7052901695005256,30,1.0
Impeller Imbalance,-1.000000000000015,0.5809016994374946,0.7059119231045775,30,1.0
Impeller Imbalance,-1.2449491424413917,0.577051324277579,0.7065671057543388,30,1.0
Impeller Imbalance,-1.284545252522511,0.572896862742141,0.707255484666534,30,1.0
Impeller Imbalance,-1.063313510440011,0.568454710592869,0.707976815263413,30,1.0
Impeller Imbalance,-0.6029096205211448,0.5637423989748689,0.7087308412596498,30,1.0
Impeller Imbalance,1.9609204321635772e-14,0.558778525229247,0.7095172947533982,30,1.0
Impeller Imbalance,0.6029096205211792,0.5535826794978996,0.7103358963214765,30,1.0
Impeller Imbalance,1.0633135104400966,0.5481753674101711,0.7111863551186456,30,1.0
Impeller Imbalance,1.2845452525225323,0.5425779291565073,0.7120683689809445,30,1.0
Impeller Imbalance,1.2449491424413817,0.5368124552684674,0.7129816245330476,30,1.0
Impeller Imbalance,0.9999999999999956,0.5309016994374948,0.7139257972996057,30,1.0
Impeller Imbalance,0.6571638901488626,0.5248689887164852,0.7149005518205309,30,1.0
Impeller Imbalance,0.333488736227338,0.5187381314585726,0.7159055417701832,30,1.0
Impeller Imbalance,0.11225699414488444,0.5125333233564302,0.7169404100804188,30,1.0
Impeller Imbalance,0.015124368228709217,0.5062790519529308,0.7180047890674549,30,1.0
Impeller Imbalance,0.0,0.4999999999999999,0.7190983005625053,30,1.0
Impeller Imbalance,-0.015124368228716989,0.49372094804706823,0.720220556046143,30,1.0
Impeller Imbalance,-0.11225699414491186,0.4874666766435695,0.7213711567863383,30,1.0
Impeller Imbalance,-0.3334887362273873,0.48126186854142716,0.7225496939801267,30,1.0
Impeller Imbalance,-0.6571638901489238,0.47513101128351454,0.7237557488988553,30,1.0
Impeller Imbalance,-1.0000000000000504,0.46909830056250496,0.7249888930369542,30,1.0
Impeller Imbalance,-1.2449491424414092,0.4631875447315323,0.7262486882641828,30,1.0
Impeller Imbalance,-1.2845452525225172,0.4574220708434925,0.7275346869812954,30,1.0
Impeller Imbalance,-1.063313510440035,0.45182463258982797,0.7288464322790716,30,1.0
Impeller Imbalance,-0.6029096205211828,0.4464173205021002,0.7301834581006529,30,1.0
Impeller Imbalance,-2.351321854362918e-14,0.44122147477075285,0.7315452894071311,30,1.0
Impeller Imbalance,0.6029096205211414,0.4362576010251315,0.732931442346328,30,1.0
Impeller Imbalance,1.0633135104400089,0.4315452894071313,0.7343414244247042,30,1.0
Impeller Imbalance,1.2845452525225265,0.4271031372578593,0.7357747346823416,30,1.0
Impeller Imbalance,1.2449491424413925,0.42294867572242134,0.73723086387093,30,1.0
Impeller Imbalance,1.000000000000017,0.4190983005625057,0.7387092946347023,30,1.0
Impeller Imbalance,0.65716389014895,0.41556720744979875,0.7402095016942482,30,1.0
Impeller Imbalance,0.3334887362273573,0.4123693319956137,0.7417309520331423,30,1.0
Impeller Imbalance,0.1122569941448952,0.40951729475339826,0.7432731050873242,30,1.0
Impeller Imbalance,0.01512436822871227,0.40702235141117493,0.744835412937157,30,1.0
Impeller Imbalance,0.0,0.4048943483704848,0.7464173205021003,30,1.0
Impeller Imbalance,-0.015124368228713991,0.40314168388713695,0.7480182657379288,30,1.0
Impeller Imbalance,-0.11225699414490098,0.40177127492713127,0.7496376798364239,30,1.0
Impeller Imbalance,-0.33348873622736797,0.40078852986855223,0.7512749874274667,30,1.0
Impeller Imbalance,-0.6571638901488996,0.4001973271571729,0.7529296067834665,30,1.0
Impeller Imbalance,-0.999999999999972,0.4,0.7546009500260453,30,1.0
Impeller Imbalance,-1.2449491424413983,0.4001973271571728,0.7562884233349066,30,1.0
Impeller Imbalance,-1.284545252522523,0.4007885298685522,0.7579914271588192,30,1.0
Impeller Imbalance,-1.0633135104400593,0.4017712749271311,0.7597093564286338,30,1.0
Impeller Imbalance,-0.6029096205212208,0.4031416838871367,0.7614416007722603,30,1.0
Impeller Imbalance,4.70511963127219e-14,0.40489434837048455,0.763187544731532,30,1.0
Impeller Imbalance,0.6029096205212034,0.4070223514111746,0.7649465679808741,30,1.0
Impeller Imbalance,1.0633135104400484,0.40951729475339793,0.7667180455477013,30,1.0
Impeller Imbalance,1.2845452525225203,0.41236933199561365,0.7685013480344693,30,1.0
Impeller Imbalance,1.2449491424414032,0.41556720744979825,0.7702958418422966,30,1.0
Impeller Imbalance,0.9999999999999819,0.4190983005625052,0.772100889396077,30,1.0
Impeller Imbalance,0.6571638901489107,0.4229486757224208,0.7739158493710101,30,1.0
Impeller Imbalance,0.33348873622737674,0.42710313725785876,0.7757400769204593,30,1.0
Impeller Imbalance,0.11225699414490597,0.43154528940713077,0.7775729239050618,30,1.0
Impeller Imbalance,0.015124368228707274,0.4362576010251309,0.7794137391230117,30,1.0
Impeller Imbalance,0.0,0.4412214747707522,0.7812618685414277,30,1.0
Impeller Imbalance,-0.015124368228710938,0.4464173205021001,0.7831166555287266,30,1.0
Impeller Imbalance,-0.11225699414489021,0.4518246325898285,0.7849774410879241,30,1.0
Impeller Imbalance,-0.33348873622734865,0.4574220708434924,0.7868435640907718,30,1.0
Impeller Imbalance,-0.6571638901489392,0.4631875447315322,0.7887143615126518,30,1.0
Impeller Imbalance,-1.0000000000000073,0.46909830056250484,0.7905891686681484,30,1.0
Impeller Imbalance,-1.2449491424413877,0.4751310112835144,0.7924673194472068,30,1.0
Impeller Imbalance,-1.2845452525225292,0.48126186854142705,0.7943481465517975,30,1.0
Impeller Imbalance,-1.06331351044002,0.4874666766435694,0.7962309817330064,30,1.0
Impeller Imbalance,-0.6029096205211586,0.4937209480470681,0.7981151560284593,30,1.0
